Workbook

Sheet Overall Tracker
A1: SAMUH — Overall Production Tracker (Plant-wise Rollup)
A2: Plant / Location | B2: CMU Name | C2: No. of SKUs | D2: Month Plan (Ton) | E2: Total Production (Ton) | F2: Total Production (Case) | G2: Achievement % | H2: Remaining (Ton)
A3: Lucknow | B3: VEETADAY INDUSTRIES PRIVATE LIMITED | C3: =COUNTIF('Plant-wise Tracker'!$E$5:$E$125,A3) -> 21 | D3: =SUMIFS('Plant-wise Tracker'!$L$5:$L$125,'Plant-wise Tracker'!$E$5:$E$125,A3) -> 0 | E3: =SUMIFS('Plant-wise Tracker'!$AR$5:$AR$125,'Plant-wise Tracker'!$E$5:$E$125,A3) -> 0 | F3: =SUMIFS('Plant-wise Tracker'!$AQ$5:$AQ$125,'Plant-wise Tracker'!$E$5:$E$125,A3) -> 0 | G3: =IFERROR(E3/D3,0) -> 0 | H3: =SUMIFS('Plant-wise Tracker'!$AT$5:$AT$125,'Plant-wise Tracker'!$E$5:$E$125,A3) -> 0
A4: Rudrapur | B4: SWG | C4: =COUNTIF('Plant-wise Tracker'!$E$5:$E$125,A4) -> 21 | D4: =SUMIFS('Plant-wise Tracker'!$L$5:$L$125,'Plant-wise Tracker'!$E$5:$E$125,A4) -> 0 | E4: =SUMIFS('Plant-wise Tracker'!$AR$5:$AR$125,'Plant-wise Tracker'!$E$5:$E$125,A4) -> 0 | F4: =SUMIFS('Plant-wise Tracker'!$AQ$5:$AQ$125,'Plant-wise Tracker'!$E$5:$E$125,A4) -> 0 | G4: =IFERROR(E4/D4,0) -> 0 | H4: =SUMIFS('Plant-wise Tracker'!$AT$5:$AT$125,'Plant-wise Tracker'!$E$5:$E$125,A4) -> 0
A5: Asansol, West Bengal | B5: STRAIGHT LINE FOOD PRODUCTS PRIVATE LIMITED | C5: =COUNTIF('Plant-wise Tracker'!$E$5:$E$125,A5) -> 21 | D5: =SUMIFS('Plant-wise Tracker'!$L$5:$L$125,'Plant-wise Tracker'!$E$5:$E$125,A5) -> 0 | E5: =SUMIFS('Plant-wise Tracker'!$AR$5:$AR$125,'Plant-wise Tracker'!$E$5:$E$125,A5) -> 0 | F5: =SUMIFS('Plant-wise Tracker'!$AQ$5:$AQ$125,'Plant-wise Tracker'!$E$5:$E$125,A5) -> 0 | G5: =IFERROR(E5/D5,0) -> 0 | H5: =SUMIFS('Plant-wise Tracker'!$AT$5:$AT$125,'Plant-wise Tracker'!$E$5:$E$125,A5) -> 0
A6: Kathua, Jammu | B6: RATTAN OIL MILLS | C6: =COUNTIF('Plant-wise Tracker'!$E$5:$E$125,A6) -> 21 | D6: =SUMIFS('Plant-wise Tracker'!$L$5:$L$125,'Plant-wise Tracker'!$E$5:$E$125,A6) -> 0 | E6: =SUMIFS('Plant-wise Tracker'!$AR$5:$AR$125,'Plant-wise Tracker'!$E$5:$E$125,A6) -> 0 | F6: =SUMIFS('Plant-wise Tracker'!$AQ$5:$AQ$125,'Plant-wise Tracker'!$E$5:$E$125,A6) -> 0 | G6: =IFERROR(E6/D6,0) -> 0 | H6: =SUMIFS('Plant-wise Tracker'!$AT$5:$AT$125,'Plant-wise Tracker'!$E$5:$E$125,A6) -> 0
A7: Kanpur | B7: Meera Baker | C7: =COUNTIF('Plant-wise Tracker'!$E$5:$E$125,A7) -> 2 | D7: =SUMIFS('Plant-wise Tracker'!$L$5:$L$125,'Plant-wise Tracker'!$E$5:$E$125,A7) -> 0 | E7: =SUMIFS('Plant-wise Tracker'!$AR$5:$AR$125,'Plant-wise Tracker'!$E$5:$E$125,A7) -> 0 | F7: =SUMIFS('Plant-wise Tracker'!$AQ$5:$AQ$125,'Plant-wise Tracker'!$E$5:$E$125,A7) -> 0 | G7: =IFERROR(E7/D7,0) -> 0 | H7: =SUMIFS('Plant-wise Tracker'!$AT$5:$AT$125,'Plant-wise Tracker'!$E$5:$E$125,A7) -> 0
A8: Kashipur | B8: DEVARPAN FOODS PRIVATE LIMITED | C8: 2 | E8: =SUMIFS('Plant-wise Tracker'!$AR$5:$AR$125,'Plant-wise Tracker'!$E$5:$E$125,A8) -> 0 | F8: =SUMIFS('Plant-wise Tracker'!$AQ$5:$AQ$125,'Plant-wise Tracker'!$E$5:$E$125,A8) -> 0 | G8: =IFERROR(E8/D8,0) -> 0 | H8: =SUMIFS('Plant-wise Tracker'!$AT$5:$AT$125,'Plant-wise Tracker'!$E$5:$E$125,A8) -> 12
A9: Shubham Enterprises | B9: Saharnpur | C9: =COUNTIF('Plant-wise Tracker'!$E$5:$E$125,A9) -> 2 | D9: =SUMIFS('Plant-wise Tracker'!$L$5:$L$125,'Plant-wise Tracker'!$E$5:$E$125,A9) -> 0 | E9: =SUMIFS('Plant-wise Tracker'!$AR$5:$AR$125,'Plant-wise Tracker'!$E$5:$E$125,A9) -> 0 | F9: =SUMIFS('Plant-wise Tracker'!$AQ$5:$AQ$125,'Plant-wise Tracker'!$E$5:$E$125,A9) -> 0 | G9: =IFERROR(E9/D9,0) -> 0 | H9: =SUMIFS('Plant-wise Tracker'!$AT$5:$AT$125,'Plant-wise Tracker'!$E$5:$E$125,A9) -> 0
A10: Kolkata | B10: BHAGWATI | C10: =COUNTIF('Plant-wise Tracker'!$E$5:$E$125,A10) -> 19 | D10: =SUMIFS('Plant-wise Tracker'!$L$5:$L$125,'Plant-wise Tracker'!$E$5:$E$125,A10) -> 0 | E10: =SUMIFS('Plant-wise Tracker'!$AR$5:$AR$125,'Plant-wise Tracker'!$E$5:$E$125,A10) -> 0 | F10: =SUMIFS('Plant-wise Tracker'!$AQ$5:$AQ$125,'Plant-wise Tracker'!$E$5:$E$125,A10) -> 0 | G10: =IFERROR(E10/D10,0) -> 0 | H10: =SUMIFS('Plant-wise Tracker'!$AT$5:$AT$125,'Plant-wise Tracker'!$E$5:$E$125,A10) -> 0
A11: Punjab | B11: Shri Shyam | C11: =COUNTIF('Plant-wise Tracker'!$E$5:$E$125,A11) -> 2 | D11: =SUMIFS('Plant-wise Tracker'!$L$5:$L$125,'Plant-wise Tracker'!$E$5:$E$125,A11) -> 0 | E11: =SUMIFS('Plant-wise Tracker'!$AR$5:$AR$125,'Plant-wise Tracker'!$E$5:$E$125,A11) -> 0 | F11: =SUMIFS('Plant-wise Tracker'!$AQ$5:$AQ$125,'Plant-wise Tracker'!$E$5:$E$125,A11) -> 0 | G11: =IFERROR(E11/D11,0) -> 0 | H11: =SUMIFS('Plant-wise Tracker'!$AT$5:$AT$125,'Plant-wise Tracker'!$E$5:$E$125,A11) -> 0
A12: GRAND TOTAL | C12: =SUM(C3:C11) -> 111 | D12: =SUM(D3:D11) -> 0 | E12: =SUM(E3:E11) -> 0 | F12: =SUM(F3:F11) -> 0 | G12: =IFERROR(E12/D12,0) -> 0
A15: Category-wise Summary
A16: Category | B16: Month Plan (Ton) | C16: Total Production (Ton) | D16: Achievement %
A17: Biscuits | B17: =SUMIFS('Master Data'!$L$3:$L$113,'Master Data'!$F$3:$F$113,A17) -> 0 | C17: =SUMIFS('Master Data'!$AS$3:$AS$113,'Master Data'!$F$3:$F$113,A17) -> 0 | D17: =IFERROR(C17/B17,0) -> 0
A18: Rusk | B18: =SUMIFS('Master Data'!$L$3:$L$113,'Master Data'!$F$3:$F$113,A18) -> 0 | C18: =SUMIFS('Master Data'!$AS$3:$AS$113,'Master Data'!$F$3:$F$113,A18) -> 0 | D18: =IFERROR(C18/B18,0) -> 0
H21: s
A41: Product-wise Achievement
A42: SKU Code | B42: Product Name | C42: Location | D42: Category | E42: Month Plan (Ton) | F42: Total Production (Ton) | G42: Achievement % | H42: Remaining (Ton)
A43: ='Master Data'!G3 -> ROZ39494 | B43: ='Master Data'!H3 -> Samuh Milky Biscuit 35 g | C43: ='Master Data'!E3 -> Lucknow | D43: ='Master Data'!F3 -> Biscuits | E43: ='Master Data'!L3 -> 0 | F43: ='Master Data'!AS3 -> 0 | G43: =IFERROR('Master Data'!AT3,0) -> 0 | H43: ='Master Data'!AU3 -> 0
A44: ='Master Data'!G4 -> ROZ23739 | B44: ='Master Data'!H4 -> Samuh Beat it! Bite it! Orange Cream Biscuit 35 g | C44: ='Master Data'!E4 -> Lucknow | D44: ='Master Data'!F4 -> Biscuits | E44: ='Master Data'!L4 -> 0 | F44: ='Master Data'!AS4 -> 0 | G44: =IFERROR('Master Data'!AT4,0) -> 0 | H44: ='Master Data'!AU4 -> 0
A45: ='Master Data'!G5 -> ROZ23738 | B45: ='Master Data'!H5 -> Samuh Beat it Bite it Chocolate Cream Biscuit 35 g | C45: ='Master Data'!E5 -> Lucknow | D45: ='Master Data'!F5 -> Biscuits | E45: ='Master Data'!L5 -> 0 | F45: ='Master Data'!AS5 -> 0 | G45: =IFERROR('Master Data'!AT5,0) -> 0 | H45: ='Master Data'!AU5 -> 0
A46: ='Master Data'!G6 -> ROZ23743 | B46: ='Master Data'!H6 -> Samuh Butter Cookies Biscuit 32 g | C46: ='Master Data'!E6 -> Lucknow | D46: ='Master Data'!F6 -> Biscuits | E46: ='Master Data'!L6 -> 0 | F46: ='Master Data'!AS6 -> 0 | G46: =IFERROR('Master Data'!AT6,0) -> 0 | H46: ='Master Data'!AU6 -> 0
A47: ='Master Data'!G7 -> ROZ23740 | B47: ='Master Data'!H7 -> Samuh Zeera Biscuit 35 g | C47: ='Master Data'!E7 -> Lucknow | D47: ='Master Data'!F7 -> Biscuits | E47: ='Master Data'!L7 -> 0 | F47: ='Master Data'!AS7 -> 0 | G47: =IFERROR('Master Data'!AT7,0) -> 0 | H47: ='Master Data'!AU7 -> 0
A48: ='Master Data'!G8 -> ROZ23741 | B48: ='Master Data'!H8 -> Samuh Coconut Cookies Biscuit 35 g | C48: ='Master Data'!E8 -> Lucknow | D48: ='Master Data'!F8 -> Biscuits | E48: ='Master Data'!L8 -> 0 | F48: ='Master Data'!AS8 -> 0 | G48: =IFERROR('Master Data'!AT8,0) -> 0 | H48: ='Master Data'!AU8 -> 0
A49: ='Master Data'!G9 -> ROZ23742 | B49: ='Master Data'!H9 -> Samuh Salty Sweety Biscuit 32 g | C49: ='Master Data'!E9 -> Lucknow | D49: ='Master Data'!F9 -> Biscuits | E49: ='Master Data'!L9 -> 0 | F49: ='Master Data'!AS9 -> 0 | G49: =IFERROR('Master Data'!AT9,0) -> 0 | H49: ='Master Data'!AU9 -> 0
A50: ='Master Data'!G10 -> ROZ36954 | B50: ='Master Data'!H10 -> Samuh Butter Cashew 30 g | C50: ='Master Data'!E10 -> Lucknow | D50: ='Master Data'!F10 -> Biscuits | E50: ='Master Data'!L10 -> 0 | F50: ='Master Data'!AS10 -> 0 | G50: =IFERROR('Master Data'!AT10,0) -> 0 | H50: ='Master Data'!AU10 -> 0
A51: ='Master Data'!G11 -> ROZ36955 | B51: ='Master Data'!H11 -> Samuh Beat it Bite it Chocolate Cream Biscuit 70 g | C51: ='Master Data'!E11 -> Lucknow | D51: ='Master Data'!F11 -> Biscuits | E51: ='Master Data'!L11 -> 0 | F51: ='Master Data'!AS11 -> 0 | G51: =IFERROR('Master Data'!AT11,0) -> 0 | H51: ='Master Data'!AU11 -> 0
A52: ='Master Data'!G12 -> ROZ36956 | B52: ='Master Data'!H12 -> Samuh Beat it! Bite it! Orange Cream Biscuit 70 g | C52: ='Master Data'!E12 -> Lucknow | D52: ='Master Data'!F12 -> Biscuits | E52: ='Master Data'!L12 -> 0 | F52: ='Master Data'!AS12 -> 0 | G52: =IFERROR('Master Data'!AT12,0) -> 0 | H52: ='Master Data'!AU12 -> 0
A53: ='Master Data'!G13 -> ROZ36957 | B53: ='Master Data'!H13 -> Samuh Coconut Cookies Biscuit 70g | C53: ='Master Data'!E13 -> Lucknow | D53: ='Master Data'!F13 -> Biscuits | E53: ='Master Data'!L13 -> 0 | F53: ='Master Data'!AS13 -> 0 | G53: =IFERROR('Master Data'!AT13,0) -> 0 | H53: ='Master Data'!AU13 -> 0
A54: ='Master Data'!G14 -> ROZ39495 | B54: ='Master Data'!H14 -> Samuh Milky Biscuit 70 g | C54: ='Master Data'!E14 -> Lucknow | D54: ='Master Data'!F14 -> Biscuits | E54: ='Master Data'!L14 -> 0 | F54: ='Master Data'!AS14 -> 0 | G54: =IFERROR('Master Data'!AT14,0) -> 0 | H54: ='Master Data'!AU14 -> 0
... A153: ='Master Data'!G113 -> ROZ23759 | B153: ='Master Data'!H113 -> Samuh Elaichi Rusk 65 g | C153: ='Master Data'!E113 -> Punjab | D153: ='Master Data'!F113 -> Rusk | E153: ='Master Data'!L113 -> 0 | F153: ='Master Data'!AS113 -> 0 | G153: =IFERROR('Master Data'!AT113,0) -> 0 | H153: ='Master Data'!AU113 -> 0

Sheet Plant-wise Tracker
A1: SAMUH — Plant-wise Production Tracker
A2: All plants in one view — grouped by plant with subtotal rows. Source: Master Data tab (live-linked).
A4: Merge Sku | B4: Merge Sku | C4: MM | D4: CMU Name | E4: Location | F4: Product Category | G4: SKU CODE | H4: Product Name | I4: MRP | J4: GM | K4: Case Size | L4: Month Plan in ton | M4: 46266 | N4: 46267 | O4: 46268 | P4: 46269 | Q4: 46270 | R4: 46271 | S4: 46272 | T4: 46273 | U4: 46274 | V4: 46275 | W4: 46276 | X4: 46277 | Y4: 46278 | Z4: 46279 | AA4: 46280 | AB4: 46281 | AC4: 46282 | AD4: 46283 | AE4: 46284 | AF4: 46285 | AG4: 46286 | AH4: 46287 | AI4: 46288 | AJ4: 46289 | AK4: 46290 | AL4: 46291 | AM4: 46292 | AN4: 46293 | AO4: 46294 | AP4: 46295 | AQ4: Total Production in Case in Case | AR4: Total Production in Ton In Ton | AS4: Achievement | AT4: Remaining Production in Ton
A5: Lucknow (CMU: VEETADAY INDUSTRIES PRIVATE LIMITED) — TOTAL | L5: =SUM(L6:L26) -> 0 | M5: =SUM(M6:M26) -> 0 | N5: =SUM(N6:N26) -> 0 | O5: =SUM(O6:O26) -> 0 | P5: =SUM(P6:P26) -> 0 | Q5: =SUM(Q6:Q26) -> 0 | R5: =SUM(R6:R26) -> 0 | S5: =SUM(S6:S26) -> 0 | ... AR5: =SUM(AR6:AR26) -> 0 | AS5: =IFERROR(AR5/L5,0) -> 0 | AT5: =SUM(AT6:AT26) -> 0
A6: ='Master Data'!A3 -> VEETADAY INDUSTRIES PRIVATE LIMITEDROZ39494 | B6: ='Master Data'!B3 -> VD | C6: ='Master Data'!C3 -> VDROZ39494 | D6: ='Master Data'!D3 -> VEETADAY INDUSTRIES PRIVATE LIMITED | E6: ='Master Data'!E3 -> Lucknow | F6: ='Master Data'!F3 -> Biscuits | G6: ='Master Data'!G3 -> ROZ39494 | H6: ='Master Data'!H3 -> Samuh Milky Biscuit 35 g | ... AP6: ='Master Data'!AP3 -> 0 | AQ6: =SUM(M6:AP6) -> 0 | AR6: =(AQ6*J6*K6)/1000000 -> 0 | AS6: =IFERROR(AR6/L6,0) -> 0 | AT6: =L6-AR6 -> 0
A7: ='Master Data'!A4 -> VEETADAY INDUSTRIES PRIVATE LIMITEDROZ23739 | B7: ='Master Data'!B4 -> VD | C7: ='Master Data'!C4 -> VDROZ23739 | D7: ='Master Data'!D4 -> VEETADAY INDUSTRIES PRIVATE LIMITED | E7: ='Master Data'!E4 -> Lucknow | F7: ='Master Data'!F4 -> Biscuits | G7: ='Master Data'!G4 -> ROZ23739 | H7: ='Master Data'!H4 -> Samuh Beat it! Bite it! Orange Cream Biscuit 35 g | ... AP7: ='Master Data'!AP4 -> 0 | AQ7: =SUM(M7:AP7) -> 0 | AR7: =(AQ7*J7*K7)/1000000 -> 0 | AS7: =IFERROR(AR7/L7,0) -> 0 | AT7: =L7-AR7 -> 0
A8: ='Master Data'!A5 -> VEETADAY INDUSTRIES PRIVATE LIMITEDROZ23738 | B8: ='Master Data'!B5 -> VD | C8: ='Master Data'!C5 -> VDROZ23738 | D8: ='Master Data'!D5 -> VEETADAY INDUSTRIES PRIVATE LIMITED | E8: ='Master Data'!E5 -> Lucknow | F8: ='Master Data'!F5 -> Biscuits | G8: ='Master Data'!G5 -> ROZ23738 | H8: ='Master Data'!H5 -> Samuh Beat it Bite it Chocolate Cream Biscuit 35 g | ... AP8: ='Master Data'!AP5 -> 0 | AQ8: =SUM(M8:AP8) -> 0 | AR8: =(AQ8*J8*K8)/1000000 -> 0 | AS8: =IFERROR(AR8/L8,0) -> 0 | AT8: =L8-AR8 -> 0
A9: ='Master Data'!A6 -> VEETADAY INDUSTRIES PRIVATE LIMITEDROZ23743 | B9: ='Master Data'!B6 -> VD | C9: ='Master Data'!C6 -> VDROZ23743 | D9: ='Master Data'!D6 -> VEETADAY INDUSTRIES PRIVATE LIMITED | E9: ='Master Data'!E6 -> Lucknow | F9: ='Master Data'!F6 -> Biscuits | G9: ='Master Data'!G6 -> ROZ23743 | H9: ='Master Data'!H6 -> Samuh Butter Cookies Biscuit 32 g | ... AP9: ='Master Data'!AP6 -> 0 | AQ9: =SUM(M9:AP9) -> 0 | AR9: =(AQ9*J9*K9)/1000000 -> 0 | AS9: =IFERROR(AR9/L9,0) -> 0 | AT9: =L9-AR9 -> 0
A10: ='Master Data'!A7 -> VEETADAY INDUSTRIES PRIVATE LIMITEDROZ23740 | B10: ='Master Data'!B7 -> VD | C10: ='Master Data'!C7 -> VDROZ23740 | D10: ='Master Data'!D7 -> VEETADAY INDUSTRIES PRIVATE LIMITED | E10: ='Master Data'!E7 -> Lucknow | F10: ='Master Data'!F7 -> Biscuits | G10: ='Master Data'!G7 -> ROZ23740 | H10: ='Master Data'!H7 -> Samuh Zeera Biscuit 35 g | ... AP10: ='Master Data'!AP7 -> 0 | AQ10: =SUM(M10:AP10) -> 0 | AR10: =(AQ10*J10*K10)/1000000 -> 0 | AS10: =IFERROR(AR10/L10,0) -> 0 | AT10: =L10-AR10 -> 0
A11: ='Master Data'!A8 -> VEETADAY INDUSTRIES PRIVATE LIMITEDROZ23741 | B11: ='Master Data'!B8 -> VD | C11: ='Master Data'!C8 -> VDROZ23741 | D11: ='Master Data'!D8 -> VEETADAY INDUSTRIES PRIVATE LIMITED | E11: ='Master Data'!E8 -> Lucknow | F11: ='Master Data'!F8 -> Biscuits | G11: ='Master Data'!G8 -> ROZ23741 | H11: ='Master Data'!H8 -> Samuh Coconut Cookies Biscuit 35 g | ... AP11: ='Master Data'!AP8 -> 0 | AQ11: =SUM(M11:AP11) -> 0 | AR11: =(AQ11*J11*K11)/1000000 -> 0 | AS11: =IFERROR(AR11/L11,0) -> 0 | AT11: =L11-AR11 -> 0
A12: ='Master Data'!A9 -> VEETADAY INDUSTRIES PRIVATE LIMITEDROZ23742 | B12: ='Master Data'!B9 -> VD | C12: ='Master Data'!C9 -> VDROZ23742 | D12: ='Master Data'!D9 -> VEETADAY INDUSTRIES PRIVATE LIMITED | E12: ='Master Data'!E9 -> Lucknow | F12: ='Master Data'!F9 -> Biscuits | G12: ='Master Data'!G9 -> ROZ23742 | H12: ='Master Data'!H9 -> Samuh Salty Sweety Biscuit 32 g | ... AP12: ='Master Data'!AP9 -> 0 | AQ12: =SUM(M12:AP12) -> 0 | AR12: =(AQ12*J12*K12)/1000000 -> 0 | AS12: =IFERROR(AR12/L12,0) -> 0 | AT12: =L12-AR12 -> 0
A13: ='Master Data'!A10 -> VEETADAY INDUSTRIES PRIVATE LIMITEDROZ36954 | B13: ='Master Data'!B10 -> VD | C13: ='Master Data'!C10 -> VDROZ36954 | D13: ='Master Data'!D10 -> VEETADAY INDUSTRIES PRIVATE LIMITED | E13: ='Master Data'!E10 -> Lucknow | F13: ='Master Data'!F10 -> Biscuits | G13: ='Master Data'!G10 -> ROZ36954 | H13: ='Master Data'!H10 -> Samuh Butter Cashew 30 g | ... AP13: ='Master Data'!AP10 -> 0 | AQ13: =SUM(M13:AP13) -> 0 | AR13: =(AQ13*J13*K13)/1000000 -> 0 | AS13: =IFERROR(AR13/L13,0) -> 0 | AT13: =L13-AR13 -> 0
A14: ='Master Data'!A11 -> VEETADAY INDUSTRIES PRIVATE LIMITEDROZ36955 | B14: ='Master Data'!B11 -> VD | C14: ='Master Data'!C11 -> VDROZ36955 | D14: ='Master Data'!D11 -> VEETADAY INDUSTRIES PRIVATE LIMITED | E14: ='Master Data'!E11 -> Lucknow | F14: ='Master Data'!F11 -> Biscuits | G14: ='Master Data'!G11 -> ROZ36955 | H14: ='Master Data'!H11 -> Samuh Beat it Bite it Chocolate Cream Biscuit 70 g | ... AP14: ='Master Data'!AP11 -> 0 | AQ14: =SUM(M14:AP14) -> 0 | AR14: =(AQ14*J14*K14)/1000000 -> 0 | AS14: =IFERROR(AR14/L14,0) -> 0 | AT14: =L14-AR14 -> 0
A15: ='Master Data'!A12 -> VEETADAY INDUSTRIES PRIVATE LIMITEDROZ36956 | B15: ='Master Data'!B12 -> VD | C15: ='Master Data'!C12 -> VDROZ36956 | D15: ='Master Data'!D12 -> VEETADAY INDUSTRIES PRIVATE LIMITED | E15: ='Master Data'!E12 -> Lucknow | F15: ='Master Data'!F12 -> Biscuits | G15: ='Master Data'!G12 -> ROZ36956 | H15: ='Master Data'!H12 -> Samuh Beat it! Bite it! Orange Cream Biscuit 70 g | ... AP15: ='Master Data'!AP12 -> 0 | AQ15: =SUM(M15:AP15) -> 0 | AR15: =(AQ15*J15*K15)/1000000 -> 0 | AS15: =IFERROR(AR15/L15,0) -> 0 | AT15: =L15-AR15 -> 0
A16: ='Master Data'!A13 -> VEETADAY INDUSTRIES PRIVATE LIMITEDROZ36957 | B16: ='Master Data'!B13 -> VD | C16: ='Master Data'!C13 -> VDROZ36957 | D16: ='Master Data'!D13 -> VEETADAY INDUSTRIES PRIVATE LIMITED | E16: ='Master Data'!E13 -> Lucknow | F16: ='Master Data'!F13 -> Biscuits | G16: ='Master Data'!G13 -> ROZ36957 | H16: ='Master Data'!H13 -> Samuh Coconut Cookies Biscuit 70g | ... AP16: ='Master Data'!AP13 -> 0 | AQ16: =SUM(M16:AP16) -> 0 | AR16: =(AQ16*J16*K16)/1000000 -> 0 | AS16: =IFERROR(AR16/L16,0) -> 0 | AT16: =L16-AR16 -> 0
A17: ='Master Data'!A14 -> VEETADAY INDUSTRIES PRIVATE LIMITEDROZ39495 | B17: ='Master Data'!B14 -> VD | C17: ='Master Data'!C14 -> VDROZ39495 | D17: ='Master Data'!D14 -> VEETADAY INDUSTRIES PRIVATE LIMITED | E17: ='Master Data'!E14 -> Lucknow | F17: ='Master Data'!F14 -> Biscuits | G17: ='Master Data'!G14 -> ROZ39495 | H17: ='Master Data'!H14 -> Samuh Milky Biscuit 70 g | ... AP17: ='Master Data'!AP14 -> 0 | AQ17: =SUM(M17:AP17) -> 0 | AR17: =(AQ17*J17*K17)/1000000 -> 0 | AS17: =IFERROR(AR17/L17,0) -> 0 | AT17: =L17-AR17 -> 0
... A26: ='Master Data'!A23 -> VEETADAY INDUSTRIES PRIVATE LIMITED1 | B26: ='Master Data'!B23 -> VD | C26: ='Master Data'!C23 -> VD1 | D26: ='Master Data'!D23 -> VEETADAY INDUSTRIES PRIVATE LIMITED | E26: ='Master Data'!E23 -> Lucknow | F26: ='Master Data'!F23 -> Biscuits | G26: ='Master Data'!G23 -> 1 | H26: ='Master Data'!H23 -> Marie 30 Rs | ... AP26: ='Master Data'!AP23 -> 0 | AQ26: =SUM(M26:AP26) -> 0 | AR26: =(AQ26*J26*K26)/1000000 -> 0 | AS26: =IFERROR(AR26/L26,0) -> 0 | AT26: =L26-AR26 -> 0
A27: Rudrapur (CMU: SWG) — TOTAL | L27: =SUM(L28:L48) -> 0 | M27: =SUM(M28:M48) -> 0 | N27: =SUM(N28:N48) -> 0 | O27: =SUM(O28:O48) -> 0 | P27: =SUM(P28:P48) -> 0 | Q27: =SUM(Q28:Q48) -> 0 | R27: =SUM(R28:R48) -> 0 | S27: =SUM(S28:S48) -> 0 | ... AR27: =SUM(AR28:AR48) -> 0 | AS27: =IFERROR(AR27/L27,0) -> 0 | AT27: =SUM(AT28:AT48) -> 0
A28: ='Master Data'!A24 -> SWGROZ39494 | B28: ='Master Data'!B24 -> SWG | C28: ='Master Data'!C24 -> SWGROZ39494 | D28: ='Master Data'!D24 -> SWG | E28: ='Master Data'!E24 -> Rudrapur | F28: ='Master Data'!F24 -> Biscuits | G28: ='Master Data'!G24 -> ROZ39494 | H28: ='Master Data'!H24 -> Samuh Milky Biscuit 35 g | ... AP28: ='Master Data'!AP24 -> 0 | AQ28: =SUM(M28:AP28) -> 0 | AR28: =(AQ28*J28*K28)/1000000 -> 0 | AS28: =IFERROR(AR28/L28,0) -> 0 | AT28: =L28-AR28 -> 0
A29: ='Master Data'!A25 -> SWGROZ23739 | B29: ='Master Data'!B25 -> SWG | C29: ='Master Data'!C25 -> SWGROZ23739 | D29: ='Master Data'!D25 -> SWG | E29: ='Master Data'!E25 -> Rudrapur | F29: ='Master Data'!F25 -> Biscuits | G29: ='Master Data'!G25 -> ROZ23739 | H29: ='Master Data'!H25 -> Samuh Beat it! Bite it! Orange Cream Biscuit 35 g | ... AP29: ='Master Data'!AP25 -> 0 | AQ29: =SUM(M29:AP29) -> 0 | AR29: =(AQ29*J29*K29)/1000000 -> 0 | AS29: =IFERROR(AR29/L29,0) -> 0 | AT29: =L29-AR29 -> 0
A30: ='Master Data'!A26 -> SWGROZ23738 | B30: ='Master Data'!B26 -> SWG | C30: ='Master Data'!C26 -> SWGROZ23738 | D30: ='Master Data'!D26 -> SWG | E30: ='Master Data'!E26 -> Rudrapur | F30: ='Master Data'!F26 -> Biscuits | G30: ='Master Data'!G26 -> ROZ23738 | H30: ='Master Data'!H26 -> Samuh Beat it Bite it Chocolate Cream Biscuit 35 g | ... AP30: ='Master Data'!AP26 -> 0 | AQ30: =SUM(M30:AP30) -> 0 | AR30: =(AQ30*J30*K30)/1000000 -> 0 | AS30: =IFERROR(AR30/L30,0) -> 0 | AT30: =L30-AR30 -> 0
A31: ='Master Data'!A27 -> SWGROZ23743 | B31: ='Master Data'!B27 -> SWG | C31: ='Master Data'!C27 -> SWGROZ23743 | D31: ='Master Data'!D27 -> SWG | E31: ='Master Data'!E27 -> Rudrapur | F31: ='Master Data'!F27 -> Biscuits | G31: ='Master Data'!G27 -> ROZ23743 | H31: ='Master Data'!H27 -> Samuh Butter Cookies Biscuit 32 g | ... AP31: ='Master Data'!AP27 -> 0 | AQ31: =SUM(M31:AP31) -> 0 | AR31: =(AQ31*J31*K31)/1000000 -> 0 | AS31: =IFERROR(AR31/L31,0) -> 0 | AT31: =L31-AR31 -> 0
A32: ='Master Data'!A28 -> SWGROZ23740 | B32: ='Master Data'!B28 -> SWG | C32: ='Master Data'!C28 -> SWGROZ23740 | D32: ='Master Data'!D28 -> SWG | E32: ='Master Data'!E28 -> Rudrapur | F32: ='Master Data'!F28 -> Biscuits | G32: ='Master Data'!G28 -> ROZ23740 | H32: ='Master Data'!H28 -> Samuh Zeera Biscuit 35 g | ... AP32: ='Master Data'!AP28 -> 0 | AQ32: =SUM(M32:AP32) -> 0 | AR32: =(AQ32*J32*K32)/1000000 -> 0 | AS32: =IFERROR(AR32/L32,0) -> 0 | AT32: =L32-AR32 -> 0
A33: ='Master Data'!A29 -> SWGROZ23741 | B33: ='Master Data'!B29 -> SWG | C33: ='Master Data'!C29 -> SWGROZ23741 | D33: ='Master Data'!D29 -> SWG | E33: ='Master Data'!E29 -> Rudrapur | F33: ='Master Data'!F29 -> Biscuits | G33: ='Master Data'!G29 -> ROZ23741 | H33: ='Master Data'!H29 -> Samuh Coconut Cookies Biscuit 35 g | ... AP33: ='Master Data'!AP29 -> 0 | AQ33: =SUM(M33:AP33) -> 0 | AR33: =(AQ33*J33*K33)/1000000 -> 0 | AS33: =IFERROR(AR33/L33,0) -> 0 | AT33: =L33-AR33 -> 0
A34: ='Master Data'!A30 -> SWGROZ23742 | B34: ='Master Data'!B30 -> SWG | C34: ='Master Data'!C30 -> SWGROZ23742 | D34: ='Master Data'!D30 -> SWG | E34: ='Master Data'!E30 -> Rudrapur | F34: ='Master Data'!F30 -> Biscuits | G34: ='Master Data'!G30 -> ROZ23742 | H34: ='Master Data'!H30 -> Samuh Salty Sweety Biscuit 32 g | ... AP34: ='Master Data'!AP30 -> 0 | AQ34: =SUM(M34:AP34) -> 0 | AR34: =(AQ34*J34*K34)/1000000 -> 0 | AS34: =IFERROR(AR34/L34,0) -> 0 | AT34: =L34-AR34 -> 0
A35: ='Master Data'!A31 -> SWGROZ36954 | B35: ='Master Data'!B31 -> SWG | C35: ='Master Data'!C31 -> SWGROZ36954 | D35: ='Master Data'!D31 -> SWG | E35: ='Master Data'!E31 -> Rudrapur | F35: ='Master Data'!F31 -> Biscuits | G35: ='Master Data'!G31 -> ROZ36954 | H35: ='Master Data'!H31 -> Samuh Butter Cashew 30 g | ... AP35: ='Master Data'!AP31 -> 0 | AQ35: =SUM(M35:AP35) -> 0 | AR35: =(AQ35*J35*K35)/1000000 -> 0 | AS35: =IFERROR(AR35/L35,0) -> 0 | AT35: =L35-AR35 -> 0
A36: ='Master Data'!A32 -> SWGROZ36955 | B36: ='Master Data'!B32 -> SWG | C36: ='Master Data'!C32 -> SWGROZ36955 | D36: ='Master Data'!D32 -> SWG | E36: ='Master Data'!E32 -> Rudrapur | F36: ='Master Data'!F32 -> Biscuits | G36: ='Master Data'!G32 -> ROZ36955 | H36: ='Master Data'!H32 -> Samuh Beat it Bite it Chocolate Cream Biscuit 70 g | ... AP36: ='Master Data'!AP32 -> 0 | AQ36: =SUM(M36:AP36) -> 0 | AR36: =(AQ36*J36*K36)/1000000 -> 0 | AS36: =IFERROR(AR36/L36,0) -> 0 | AT36: =L36-AR36 -> 0
A37: ='Master Data'!A33 -> SWGROZ36956 | B37: ='Master Data'!B33 -> SWG | C37: ='Master Data'!C33 -> SWGROZ36956 | D37: ='Master Data'!D33 -> SWG | E37: ='Master Data'!E33 -> Rudrapur | F37: ='Master Data'!F33 -> Biscuits | G37: ='Master Data'!G33 -> ROZ36956 | H37: ='Master Data'!H33 -> Samuh Beat it! Bite it! Orange Cream Biscuit 70 g | ... AP37: ='Master Data'!AP33 -> 0 | AQ37: =SUM(M37:AP37) -> 0 | AR37: =(AQ37*J37*K37)/1000000 -> 0 | AS37: =IFERROR(AR37/L37,0) -> 0 | AT37: =L37-AR37 -> 0
A38: ='Master Data'!A34 -> SWGROZ36957 | B38: ='Master Data'!B34 -> SWG | C38: ='Master Data'!C34 -> SWGROZ36957 | D38: ='Master Data'!D34 -> SWG | E38: ='Master Data'!E34 -> Rudrapur | F38: ='Master Data'!F34 -> Biscuits | G38: ='Master Data'!G34 -> ROZ36957 | H38: ='Master Data'!H34 -> Samuh Coconut Cookies Biscuit 70g | ... AP38: ='Master Data'!AP34 -> 0 | AQ38: =SUM(M38:AP38) -> 0 | AR38: =(AQ38*J38*K38)/1000000 -> 0 | AS38: =IFERROR(AR38/L38,0) -> 0 | AT38: =L38-AR38 -> 0
A39: ='Master Data'!A35 -> SWGROZ39495 | B39: ='Master Data'!B35 -> SWG | C39: ='Master Data'!C35 -> SWGROZ39495 | D39: ='Master Data'!D35 -> SWG | E39: ='Master Data'!E35 -> Rudrapur | F39: ='Master Data'!F35 -> Biscuits | G39: ='Master Data'!G35 -> ROZ39495 | H39: ='Master Data'!H35 -> Samuh Milky Biscuit 70 g | ... AP39: ='Master Data'!AP35 -> 0 | AQ39: =SUM(M39:AP39) -> 0 | AR39: =(AQ39*J39*K39)/1000000 -> 0 | AS39: =IFERROR(AR39/L39,0) -> 0 | AT39: =L39-AR39 -> 0
... A48: ='Master Data'!A44 -> SWG1 | B48: ='Master Data'!B44 -> SWG | C48: ='Master Data'!C44 -> SWG1 | D48: ='Master Data'!D44 -> SWG | E48: ='Master Data'!E44 -> Rudrapur | F48: ='Master Data'!F44 -> Biscuits | G48: ='Master Data'!G44 -> 1 | H48: ='Master Data'!H44 -> Marie 30 Rs | ... AP48: ='Master Data'!AP44 -> 0 | AQ48: =SUM(M48:AP48) -> 0 | AR48: =(AQ48*J48*K48)/1000000 -> 0 | AS48: =IFERROR(AR48/L48,0) -> 0 | AT48: =L48-AR48 -> 0
A49: Asansol, West Bengal (CMU: STRAIGHT LINE FOOD PRODUCTS PRIVATE LIMITED) — TOTAL | L49: =SUM(L50:L70) -> 0 | M49: =SUM(M50:M70) -> 0 | N49: =SUM(N50:N70) -> 0 | O49: =SUM(O50:O70) -> 0 | P49: =SUM(P50:P70) -> 0 | Q49: =SUM(Q50:Q70) -> 0 | R49: =SUM(R50:R70) -> 0 | S49: =SUM(S50:S70) -> 0 | ... AR49: =SUM(AR50:AR70) -> 0 | AS49: =IFERROR(AR49/L49,0) -> 0 | AT49: =SUM(AT50:AT70) -> 0
A50: ='Master Data'!A45 -> STRAIGHT LINE FOOD PRODUCTS PRIVATE LIMITEDROZ23738 | B50: ='Master Data'!B45 -> STR | C50: ='Master Data'!C45 -> STRROZ23738 | D50: ='Master Data'!D45 -> STRAIGHT LINE FOOD PRODUCTS PRIVATE LIMITED | E50: ='Master Data'!E45 -> Asansol, West Bengal | F50: ='Master Data'!F45 -> Biscuits | G50: ='Master Data'!G45 -> ROZ23738 | H50: ='Master Data'!H45 -> Samuh Beat it Bite it Chocolate Cream Biscuit 35 g | ... AP50: ='Master Data'!AP45 -> 0 | AQ50: =SUM(M50:AP50) -> 0 | AR50: =(AQ50*J50*K50)/1000000 -> 0 | AS50: =IFERROR(AR50/L50,0) -> 0 | AT50: =L50-AR50 -> 0
A51: ='Master Data'!A46 -> STRAIGHT LINE FOOD PRODUCTS PRIVATE LIMITEDROZ23739 | B51: ='Master Data'!B46 -> STR | C51: ='Master Data'!C46 -> STRROZ23739 | D51: ='Master Data'!D46 -> STRAIGHT LINE FOOD PRODUCTS PRIVATE LIMITED | E51: ='Master Data'!E46 -> Asansol, West Bengal | F51: ='Master Data'!F46 -> Biscuits | G51: ='Master Data'!G46 -> ROZ23739 | H51: ='Master Data'!H46 -> Samuh Beat it! Bite it! Orange Cream Biscuit 35 g | ... AP51: ='Master Data'!AP46 -> 0 | AQ51: =SUM(M51:AP51) -> 0 | AR51: =(AQ51*J51*K51)/1000000 -> 0 | AS51: =IFERROR(AR51/L51,0) -> 0 | AT51: =L51-AR51 -> 0
A52: ='Master Data'!A47 -> STRAIGHT LINE FOOD PRODUCTS PRIVATE LIMITEDROZ23741 | B52: ='Master Data'!B47 -> STR | C52: ='Master Data'!C47 -> STRROZ23741 | D52: ='Master Data'!D47 -> STRAIGHT LINE FOOD PRODUCTS PRIVATE LIMITED | E52: ='Master Data'!E47 -> Asansol, West Bengal | F52: ='Master Data'!F47 -> Biscuits | G52: ='Master Data'!G47 -> ROZ23741 | H52: ='Master Data'!H47 -> Samuh Coconut Cookies Biscuit 35 g | ... AP52: ='Master Data'!AP47 -> 0 | AQ52: =SUM(M52:AP52) -> 0 | AR52: =(AQ52*J52*K52)/1000000 -> 0 | AS52: =IFERROR(AR52/L52,0) -> 0 | AT52: =L52-AR52 -> 0
A53: ='Master Data'!A48 -> STRAIGHT LINE FOOD PRODUCTS PRIVATE LIMITEDROZ36954 | B53: ='Master Data'!B48 -> STR | C53: ='Master Data'!C48 -> STRROZ36954 | D53: ='Master Data'!D48 -> STRAIGHT LINE FOOD PRODUCTS PRIVATE LIMITED | E53: ='Master Data'!E48 -> Asansol, West Bengal | F53: ='Master Data'!F48 -> Biscuits | G53: ='Master Data'!G48 -> ROZ36954 | H53: ='Master Data'!H48 -> Samuh Butter Cashew 30 g | ... AP53: ='Master Data'!AP48 -> 0 | AQ53: =SUM(M53:AP53) -> 0 | AR53: =(AQ53*J53*K53)/1000000 -> 0 | AS53: =IFERROR(AR53/L53,0) -> 0 | AT53: =L53-AR53 -> 0
A54: ='Master Data'!A49 -> STRAIGHT LINE FOOD PRODUCTS PRIVATE LIMITEDROZ23743 | B54: ='Master Data'!B49 -> STR | C54: ='Master Data'!C49 -> STRROZ23743 | D54: ='Master Data'!D49 -> STRAIGHT LINE FOOD PRODUCTS PRIVATE LIMITED | E54: ='Master Data'!E49 -> Asansol, West Bengal | F54: ='Master Data'!F49 -> Biscuits | G54: ='Master Data'!G49 -> ROZ23743 | H54: ='Master Data'!H49 -> Samuh Butter Cookies Biscuit 32 g | ... AP54: ='Master Data'!AP49 -> 0 | AQ54: =SUM(M54:AP54) -> 0 | AR54: =(AQ54*J54*K54)/1000000 -> 0 | AS54: =IFERROR(AR54/L54,0) -> 0 | AT54: =L54-AR54 -> 0
A55: ='Master Data'!A50 -> STRAIGHT LINE FOOD PRODUCTS PRIVATE LIMITEDROZ36962 | B55: ='Master Data'!B50 -> STR | C55: ='Master Data'!C50 -> STRROZ36962 | D55: ='Master Data'!D50 -> STRAIGHT LINE FOOD PRODUCTS PRIVATE LIMITED | E55: ='Master Data'!E50 -> Asansol, West Bengal | F55: ='Master Data'!F50 -> Biscuits | G55: ='Master Data'!G50 -> ROZ36962 | H55: ='Master Data'!H50 -> Samuh Marie Biscuit 75g | ... AP55: ='Master Data'!AP50 -> 0 | AQ55: =SUM(M55:AP55) -> 0 | AR55: =(AQ55*J55*K55)/1000000 -> 0 | AS55: =IFERROR(AR55/L55,0) -> 0 | AT55: =L55-AR55 -> 0
A56: ='Master Data'!A51 -> STRAIGHT LINE FOOD PRODUCTS PRIVATE LIMITEDROZ36955 | B56: ='Master Data'!B51 -> STR | C56: ='Master Data'!C51 -> STRROZ36955 | D56: ='Master Data'!D51 -> STRAIGHT LINE FOOD PRODUCTS PRIVATE LIMITED | E56: ='Master Data'!E51 -> Asansol, West Bengal | F56: ='Master Data'!F51 -> Biscuits | G56: ='Master Data'!G51 -> ROZ36955 | H56: ='Master Data'!H51 -> Samuh Beat it Bite it Chocolate Cream Biscuit 70 g | ... AP56: ='Master Data'!AP51 -> 0 | AQ56: =SUM(M56:AP56) -> 0 | AR56: =(AQ56*J56*K56)/1000000 -> 0 | AS56: =IFERROR(AR56/L56,0) -> 0 | AT56: =L56-AR56 -> 0
A57: ='Master Data'!A52 -> STRAIGHT LINE FOOD PRODUCTS PRIVATE LIMITEDROZ36957 | B57: ='Master Data'!B52 -> STR | C57: ='Master Data'!C52 -> STRROZ36957 | D57: ='Master Data'!D52 -> STRAIGHT LINE FOOD PRODUCTS PRIVATE LIMITED | E57: ='Master Data'!E52 -> Asansol, West Bengal | F57: ='Master Data'!F52 -> Biscuits | G57: ='Master Data'!G52 -> ROZ36957 | H57: ='Master Data'!H52 -> Samuh Coconut Cookies Biscuit 70g | ... AP57: ='Master Data'!AP52 -> 0 | AQ57: =SUM(M57:AP57) -> 0 | AR57: =(AQ57*J57*K57)/1000000 -> 0 | AS57: =IFERROR(AR57/L57,0) -> 0 | AT57: =L57-AR57 -> 0
A58: ='Master Data'!A53 -> STRAIGHT LINE FOOD PRODUCTS PRIVATE LIMITEDROZ36959 | B58: ='Master Data'!B53 -> STR | C58: ='Master Data'!C53 -> STRROZ36959 | D58: ='Master Data'!D53 -> STRAIGHT LINE FOOD PRODUCTS PRIVATE LIMITED | E58: ='Master Data'!E53 -> Asansol, West Bengal | F58: ='Master Data'!F53 -> Biscuits | G58: ='Master Data'!G53 -> ROZ36959 | H58: ='Master Data'!H53 -> Samuh Salty Sweety Biscuit 65 g | ... AP58: ='Master Data'!AP53 -> 0 | AQ58: =SUM(M58:AP58) -> 0 | AR58: =(AQ58*J58*K58)/1000000 -> 0 | AS58: =IFERROR(AR58/L58,0) -> 0 | AT58: =L58-AR58 -> 0
A59: ='Master Data'!A54 -> STRAIGHT LINE FOOD PRODUCTS PRIVATE LIMITEDROZ23742 | B59: ='Master Data'!B54 -> STR | C59: ='Master Data'!C54 -> STRROZ23742 | D59: ='Master Data'!D54 -> STRAIGHT LINE FOOD PRODUCTS PRIVATE LIMITED | E59: ='Master Data'!E54 -> Asansol, West Bengal | F59: ='Master Data'!F54 -> Biscuits | G59: ='Master Data'!G54 -> ROZ23742 | H59: ='Master Data'!H54 -> Samuh Salty Sweety Biscuit 32 g | ... AP59: ='Master Data'!AP54 -> 0 | AQ59: =SUM(M59:AP59) -> 0 | AR59: =(AQ59*J59*K59)/1000000 -> 0 | AS59: =IFERROR(AR59/L59,0) -> 0 | AT59: =L59-AR59 -> 0
A60: ='Master Data'!A55 -> STRAIGHT LINE FOOD PRODUCTS PRIVATE LIMITEDROZ36958 | B60: ='Master Data'!B55 -> STR | C60: ='Master Data'!C55 -> STRROZ36958 | D60: ='Master Data'!D55 -> STRAIGHT LINE FOOD PRODUCTS PRIVATE LIMITED | E60: ='Master Data'!E55 -> Asansol, West Bengal | F60: ='Master Data'!F55 -> Biscuits | G60: ='Master Data'!G55 -> ROZ36958 | H60: ='Master Data'!H55 -> Samuh Butter Cookies Biscuit 65g | ... AP60: ='Master Data'!AP55 -> 0 | AQ60: =SUM(M60:AP60) -> 0 | AR60: =(AQ60*J60*K60)/1000000 -> 0 | AS60: =IFERROR(AR60/L60,0) -> 0 | AT60: =L60-AR60 -> 0
A61: ='Master Data'!A56 -> STRAIGHT LINE FOOD PRODUCTS PRIVATE LIMITEDROZ36960 | B61: ='Master Data'!B56 -> STR | C61: ='Master Data'!C56 -> STRROZ36960 | D61: ='Master Data'!D56 -> STRAIGHT LINE FOOD PRODUCTS PRIVATE LIMITED | E61: ='Master Data'!E56 -> Asansol, West Bengal | F61: ='Master Data'!F56 -> Biscuits | G61: ='Master Data'!G56 -> ROZ36960 | H61: ='Master Data'!H56 -> Samuh Butter Cashew Biscuit 60g | ... AP61: ='Master Data'!AP56 -> 0 | AQ61: =SUM(M61:AP61) -> 0 | AR61: =(AQ61*J61*K61)/1000000 -> 0 | AS61: =IFERROR(AR61/L61,0) -> 0 | AT61: =L61-AR61 -> 0
... A70: ='Master Data'!A65 -> STRAIGHT LINE FOOD PRODUCTS PRIVATE LIMITED1 | B70: ='Master Data'!B65 -> STR | C70: ='Master Data'!C65 -> STR1 | D70: ='Master Data'!D65 -> STRAIGHT LINE FOOD PRODUCTS PRIVATE LIMITED | E70: ='Master Data'!E65 -> Asansol, West Bengal | F70: ='Master Data'!F65 -> Biscuits | G70: ='Master Data'!G65 -> 1 | H70: ='Master Data'!H65 -> Marie 30 Rs | ... AP70: ='Master Data'!AP65 -> 0 | AQ70: =SUM(M70:AP70) -> 0 | AR70: =(AQ70*J70*K70)/1000000 -> 0 | AS70: =IFERROR(AR70/L70,0) -> 0 | AT70: =L70-AR70 -> 0
A71: Kathua, Jammu (CMU: RATTAN OIL MILLS) — TOTAL | L71: =SUM(L72:L92) -> 0 | M71: =SUM(M72:M92) -> 0 | N71: =SUM(N72:N92) -> 0 | O71: =SUM(O72:O92) -> 0 | P71: =SUM(P72:P92) -> 0 | Q71: =SUM(Q72:Q92) -> 0 | R71: =SUM(R72:R92) -> 0 | S71: =SUM(S72:S92) -> 0 | ... AR71: =SUM(AR72:AR92) -> 0 | AS71: =IFERROR(AR71/L71,0) -> 0 | AT71: =SUM(AT72:AT92) -> 0
A72: ='Master Data'!A66 -> RATTAN OIL MILLSROZ23741 | B72: ='Master Data'!B66 -> RT | C72: ='Master Data'!C66 -> RTROZ23741 | D72: ='Master Data'!D66 -> RATTAN OIL MILLS | E72: ='Master Data'!E66 -> Kathua, Jammu | F72: ='Master Data'!F66 -> Biscuits | G72: ='Master Data'!G66 -> ROZ23741 | H72: ='Master Data'!H66 -> Samuh Coconut Cookies Biscuit 33 g | ... AP72: ='Master Data'!AP66 -> 0 | AQ72: =SUM(M72:AP72) -> 0 | AR72: =(AQ72*J72*K72)/1000000 -> 0 | AS72: =IFERROR(AR72/L72,0) -> 0 | AT72: =L72-AR72 -> 0
A73: ='Master Data'!A67 -> RATTAN OIL MILLSROZ36957 | B73: ='Master Data'!B67 -> RT | C73: ='Master Data'!C67 -> RTROZ36957 | D73: ='Master Data'!D67 -> RATTAN OIL MILLS | E73: ='Master Data'!E67 -> Kathua, Jammu | F73: ='Master Data'!F67 -> Biscuits | G73: ='Master Data'!G67 -> ROZ36957 | H73: ='Master Data'!H67 -> Samuh Coconut Cookies Biscuit 66g | ... AP73: ='Master Data'!AP67 -> 0 | AQ73: =SUM(M73:AP73) -> 0 | AR73: =(AQ73*J73*K73)/1000000 -> 0 | AS73: =IFERROR(AR73/L73,0) -> 0 | AT73: =L73-AR73 -> 0
A74: ='Master Data'!A68 -> RATTAN OIL MILLSROZ23739 | B74: ='Master Data'!B68 -> RT | C74: ='Master Data'!C68 -> RTROZ23739 | D74: ='Master Data'!D68 -> RATTAN OIL MILLS | E74: ='Master Data'!E68 -> Kathua, Jammu | F74: ='Master Data'!F68 -> Biscuits | G74: ='Master Data'!G68 -> ROZ23739 | H74: ='Master Data'!H68 -> Samuh Beat it! Bite it! Orange Cream Biscuit 33 g | ... AP74: ='Master Data'!AP68 -> 0 | AQ74: =SUM(M74:AP74) -> 0 | AR74: =(AQ74*J74*K74)/1000000 -> 0 | AS74: =IFERROR(AR74/L74,0) -> 0 | AT74: =L74-AR74 -> 0
A75: ='Master Data'!A69 -> RATTAN OIL MILLSROZ36956 | B75: ='Master Data'!B69 -> RT | C75: ='Master Data'!C69 -> RTROZ36956 | D75: ='Master Data'!D69 -> RATTAN OIL MILLS | E75: ='Master Data'!E69 -> Kathua, Jammu | F75: ='Master Data'!F69 -> Biscuits | G75: ='Master Data'!G69 -> ROZ36956 | H75: ='Master Data'!H69 -> Samuh Beat it! Bite it! Orange Cream Biscuit 66 g | ... AP75: ='Master Data'!AP69 -> 0 | AQ75: =SUM(M75:AP75) -> 0 | AR75: =(AQ75*J75*K75)/1000000 -> 0 | AS75: =IFERROR(AR75/L75,0) -> 0 | AT75: =L75-AR75 -> 0
A76: ='Master Data'!A70 -> RATTAN OIL MILLSROZ23738 | B76: ='Master Data'!B70 -> RT | C76: ='Master Data'!C70 -> RTROZ23738 | D76: ='Master Data'!D70 -> RATTAN OIL MILLS | E76: ='Master Data'!E70 -> Kathua, Jammu | F76: ='Master Data'!F70 -> Biscuits | G76: ='Master Data'!G70 -> ROZ23738 | H76: ='Master Data'!H70 -> Samuh Beat it Bite it Chocolate Cream Biscuit 33 g | ... AP76: ='Master Data'!AP70 -> 0 | AQ76: =SUM(M76:AP76) -> 0 | AR76: =(AQ76*J76*K76)/1000000 -> 0 | AS76: =IFERROR(AR76/L76,0) -> 0 | AT76: =L76-AR76 -> 0
A77: ='Master Data'!A71 -> RATTAN OIL MILLSROZ36955 | B77: ='Master Data'!B71 -> RT | C77: ='Master Data'!C71 -> RTROZ36955 | D77: ='Master Data'!D71 -> RATTAN OIL MILLS | E77: ='Master Data'!E71 -> Kathua, Jammu | F77: ='Master Data'!F71 -> Biscuits | G77: ='Master Data'!G71 -> ROZ36955 | H77: ='Master Data'!H71 -> Samuh Beat it Bite it Chocolate Cream Biscuit 66 g | ... AP77: ='Master Data'!AP71 -> 0 | AQ77: =SUM(M77:AP77) -> 0 | AR77: =(AQ77*J77*K77)/1000000 -> 0 | AS77: =IFERROR(AR77/L77,0) -> 0 | AT77: =L77-AR77 -> 0
A78: ='Master Data'!A72 -> RATTAN OIL MILLSROZ23743 | B78: ='Master Data'!B72 -> RT | C78: ='Master Data'!C72 -> RTROZ23743 | D78: ='Master Data'!D72 -> RATTAN OIL MILLS | E78: ='Master Data'!E72 -> Kathua, Jammu | F78: ='Master Data'!F72 -> Biscuits | G78: ='Master Data'!G72 -> ROZ23743 | H78: ='Master Data'!H72 -> Samuh Butter Cookies Biscuit 30 g | ... AP78: ='Master Data'!AP72 -> 0 | AQ78: =SUM(M78:AP78) -> 0 | AR78: =(AQ78*J78*K78)/1000000 -> 0 | AS78: =IFERROR(AR78/L78,0) -> 0 | AT78: =L78-AR78 -> 0
A79: ='Master Data'!A73 -> RATTAN OIL MILLSROZ36958 | B79: ='Master Data'!B73 -> RT | C79: ='Master Data'!C73 -> RTROZ36958 | D79: ='Master Data'!D73 -> RATTAN OIL MILLS | E79: ='Master Data'!E73 -> Kathua, Jammu | F79: ='Master Data'!F73 -> Biscuits | G79: ='Master Data'!G73 -> ROZ36958 | H79: ='Master Data'!H73 -> Samuh Butter Cookies Biscuit 60g | ... AP79: ='Master Data'!AP73 -> 0 | AQ79: =SUM(M79:AP79) -> 0 | AR79: =(AQ79*J79*K79)/1000000 -> 0 | AS79: =IFERROR(AR79/L79,0) -> 0 | AT79: =L79-AR79 -> 0
A80: ='Master Data'!A74 -> RATTAN OIL MILLSROZ36954 | B80: ='Master Data'!B74 -> RT | C80: ='Master Data'!C74 -> RTROZ36954 | D80: ='Master Data'!D74 -> RATTAN OIL MILLS | E80: ='Master Data'!E74 -> Kathua, Jammu | F80: ='Master Data'!F74 -> Biscuits | G80: ='Master Data'!G74 -> ROZ36954 | H80: ='Master Data'!H74 -> Samuh Butter Cashew 29 g | ... AP80: ='Master Data'!AP74 -> 0 | AQ80: =SUM(M80:AP80) -> 0 | AR80: =(AQ80*J80*K80)/1000000 -> 0 | AS80: =IFERROR(AR80/L80,0) -> 0 | AT80: =L80-AR80 -> 0
A81: ='Master Data'!A75 -> RATTAN OIL MILLSROZ36960 | B81: ='Master Data'!B75 -> RT | C81: ='Master Data'!C75 -> RTROZ36960 | D81: ='Master Data'!D75 -> RATTAN OIL MILLS | E81: ='Master Data'!E75 -> Kathua, Jammu | F81: ='Master Data'!F75 -> Biscuits | G81: ='Master Data'!G75 -> ROZ36960 | H81: ='Master Data'!H75 -> Samuh Butter Cashew Biscuit 58g | ... AP81: ='Master Data'!AP75 -> 0 | AQ81: =SUM(M81:AP81) -> 0 | AR81: =(AQ81*J81*K81)/1000000 -> 0 | AS81: =IFERROR(AR81/L81,0) -> 0 | AT81: =L81-AR81 -> 0
A82: ='Master Data'!A76 -> RATTAN OIL MILLSROZ39494 | B82: ='Master Data'!B76 -> RT | C82: ='Master Data'!C76 -> RTROZ39494 | D82: ='Master Data'!D76 -> RATTAN OIL MILLS | E82: ='Master Data'!E76 -> Kathua, Jammu | F82: ='Master Data'!F76 -> Biscuits | G82: ='Master Data'!G76 -> ROZ39494 | H82: ='Master Data'!H76 -> Samuh Milky Biscuit 35 g | ... AP82: ='Master Data'!AP76 -> 0 | AQ82: =SUM(M82:AP82) -> 0 | AR82: =(AQ82*J82*K82)/1000000 -> 0 | AS82: =IFERROR(AR82/L82,0) -> 0 | AT82: =L82-AR82 -> 0
A83: ='Master Data'!A77 -> RATTAN OIL MILLSROZ39495 | B83: ='Master Data'!B77 -> RT | C83: ='Master Data'!C77 -> RTROZ39495 | D83: ='Master Data'!D77 -> RATTAN OIL MILLS | E83: ='Master Data'!E77 -> Kathua, Jammu | F83: ='Master Data'!F77 -> Biscuits | G83: ='Master Data'!G77 -> ROZ39495 | H83: ='Master Data'!H77 -> Samuh Milky Biscuit 70 g | ... AP83: ='Master Data'!AP77 -> 0 | AQ83: =SUM(M83:AP83) -> 0 | AR83: =(AQ83*J83*K83)/1000000 -> 0 | AS83: =IFERROR(AR83/L83,0) -> 0 | AT83: =L83-AR83 -> 0
... A92: ='Master Data'!A86 -> RATTAN OIL MILLS1 | B92: ='Master Data'!B86 -> RT | C92: ='Master Data'!C86 -> RT1 | D92: ='Master Data'!D86 -> RATTAN OIL MILLS | E92: ='Master Data'!E86 -> Kathua, Jammu | F92: ='Master Data'!F86 -> Biscuits | G92: ='Master Data'!G86 -> 1 | H92: ='Master Data'!H86 -> Marie 30 Rs | ... AP92: ='Master Data'!AP86 -> 0 | AQ92: =SUM(M92:AP92) -> 0 | AR92: =(AQ92*J92*K92)/1000000 -> 0 | AS92: =IFERROR(AR92/L92,0) -> 0 | AT92: =L92-AR92 -> 0
A93: Kanpur (CMU: Meera Baker) — TOTAL | L93: =SUM(L94:L95) -> 0 | M93: =SUM(M94:M95) -> 0 | N93: =SUM(N94:N95) -> 0 | O93: =SUM(O94:O95) -> 0 | P93: =SUM(P94:P95) -> 0 | Q93: =SUM(Q94:Q95) -> 0 | R93: =SUM(R94:R95) -> 0 | S93: =SUM(S94:S95) -> 0 | ... AR93: =SUM(AR94:AR95) -> 0 | AS93: =IFERROR(AR93/L93,0) -> 0 | AT93: =SUM(AT94:AT95) -> 0
A94: ='Master Data'!A87 -> Meera BakerROZ23760 | B94: ='Master Data'!B87 -> MB | C94: ='Master Data'!C87 -> MBROZ23760 | D94: ='Master Data'!D87 -> Meera Baker | E94: ='Master Data'!E87 -> Kanpur | F94: ='Master Data'!F87 -> Rusk | G94: ='Master Data'!G87 -> ROZ23760 | H94: ='Master Data'!H87 -> Samuh Elaichi Rusk 130 g | ... AP94: ='Master Data'!AP87 -> 0 | AQ94: =SUM(M94:AP94) -> 0 | AR94: =(AQ94*J94*K94)/1000000 -> 0 | AS94: =IFERROR(AR94/L94,0) -> 0 | AT94: =L94-AR94 -> 0
A95: ='Master Data'!A88 -> Meera BakerROZ23759 | B95: ='Master Data'!B88 -> MB | C95: ='Master Data'!C88 -> MBROZ23759 | D95: ='Master Data'!D88 -> Meera Baker | E95: ='Master Data'!E88 -> Kanpur | F95: ='Master Data'!F88 -> Rusk | G95: ='Master Data'!G88 -> ROZ23759 | H95: ='Master Data'!H88 -> Samuh Elaichi Rusk 65 g | ... AP95: ='Master Data'!AP88 -> 0 | AQ95: =SUM(M95:AP95) -> 0 | AR95: =(AQ95*J95*K95)/1000000 -> 0 | AS95: =IFERROR(AR95/L95,0) -> 0 | AT95: =L95-AR95 -> 0
A96: Kashipur (CMU: DEVARPAN FOODS PRIVATE LIMITED) — TOTAL | L96: =SUM(L97:L98) -> 12 | M96: =SUM(M97:M98) -> 0 | N96: =SUM(N97:N98) -> 0 | O96: =SUM(O97:O98) -> 0 | P96: =SUM(P97:P98) -> 0 | Q96: =SUM(Q97:Q98) -> 0 | R96: =SUM(R97:R98) -> 0 | S96: =SUM(S97:S98) -> 0 | ... AR96: =SUM(AR97:AR98) -> 0 | AS96: =IFERROR(AR96/L96,0) -> 0 | AT96: =SUM(AT97:AT98) -> 12
A97: ='Master Data'!A89 -> DEVARPAN FOODS PRIVATE LIMITEDROZ23760 | B97: ='Master Data'!B89 -> DP | C97: ='Master Data'!C89 -> DPROZ23760 | D97: ='Master Data'!D89 -> DEVARPAN FOODS PRIVATE LIMITED | E97: ='Master Data'!E89 -> Kashipur | F97: ='Master Data'!F89 -> Rusk | G97: ='Master Data'!G89 -> ROZ23760 | H97: ='Master Data'!H89 -> Samuh Elaichi Rusk 130 g | ... K97: ='Master Data'!K89 -> 24 | L97: 4 | M97: ='Master Data'!M89 -> 0 | N97: ='Master Data'!N89 -> 0 | O97: ='Master Data'!O89 -> 0 | P97: ='Master Data'!P89 -> 0 | Q97: ='Master Data'!Q89 -> 0 | R97: ='Master Data'!R89 -> 0 | S97: ='Master Data'!S89 -> 0 | T97: ='Master Data'!T89 -> 0 | ... AP97: ='Master Data'!AP89 -> 0 | AQ97: =SUM(M97:AP97) -> 0 | AR97: =(AQ97*J97*K97)/1000000 -> 0 | AS97: =IFERROR(AR97/L97,0) -> 0 | AT97: =L97-AR97 -> 4
A98: ='Master Data'!A90 -> DEVARPAN FOODS PRIVATE LIMITEDROZ23759 | B98: ='Master Data'!B90 -> DP | C98: ='Master Data'!C90 -> DPROZ23759 | D98: ='Master Data'!D90 -> DEVARPAN FOODS PRIVATE LIMITED | E98: ='Master Data'!E90 -> Kashipur | F98: ='Master Data'!F90 -> Rusk | G98: ='Master Data'!G90 -> ROZ23759 | H98: ='Master Data'!H90 -> Samuh Elaichi Rusk 65 g | ... K98: ='Master Data'!K90 -> 24 | L98: 8 | M98: ='Master Data'!M90 -> 0 | N98: ='Master Data'!N90 -> 0 | O98: ='Master Data'!O90 -> 0 | P98: ='Master Data'!P90 -> 0 | Q98: ='Master Data'!Q90 -> 0 | R98: ='Master Data'!R90 -> 0 | S98: ='Master Data'!S90 -> 0 | T98: ='Master Data'!T90 -> 0 | ... AP98: ='Master Data'!AP90 -> 0 | AQ98: =SUM(M98:AP98) -> 0 | AR98: =(AQ98*J98*K98)/1000000 -> 0 | AS98: =IFERROR(AR98/L98,0) -> 0 | AT98: =L98-AR98 -> 8
A99: Shubham Enterprises (CMU: Saharnpur) — TOTAL | L99: =SUM(L100:L101) -> 0 | M99: =SUM(M100:M101) -> 0 | N99: =SUM(N100:N101) -> 0 | O99: =SUM(O100:O101) -> 0 | P99: =SUM(P100:P101) -> 0 | Q99: =SUM(Q100:Q101) -> 0 | R99: =SUM(R100:R101) -> 0 | S99: =SUM(S100:S101) -> 0 | ... AR99: =SUM(AR100:AR101) -> 0 | AS99: =IFERROR(AR99/L99,0) -> 0 | AT99: =SUM(AT100:AT101) -> 0
A100: ='Master Data'!A91 -> SaharnpurROZ23760 | B100: ='Master Data'!B91 -> SH | C100: ='Master Data'!C91 -> SHROZ23760 | D100: ='Master Data'!D91 -> Saharnpur | E100: ='Master Data'!E91 -> Shubham Enterprises | F100: ='Master Data'!F91 -> Rusk | G100: ='Master Data'!G91 -> ROZ23760 | H100: ='Master Data'!H91 -> Samuh Elaichi Rusk 130 g | ... AP100: ='Master Data'!AP91 -> 0 | AQ100: =SUM(M100:AP100) -> 0 | AR100: =(AQ100*J100*K100)/1000000 -> 0 | AS100: =IFERROR(AR100/L100,0) -> 0 | AT100: =L100-AR100 -> 0
A101: ='Master Data'!A92 -> SaharnpurROZ23759 | B101: ='Master Data'!B92 -> SH | C101: ='Master Data'!C92 -> SHROZ23759 | D101: ='Master Data'!D92 -> Saharnpur | E101: ='Master Data'!E92 -> Shubham Enterprises | F101: ='Master Data'!F92 -> Rusk | G101: ='Master Data'!G92 -> ROZ23759 | H101: ='Master Data'!H92 -> Samuh Elaichi Rusk 65 g | ... AP101: ='Master Data'!AP92 -> 0 | AQ101: =SUM(M101:AP101) -> 0 | AR101: =(AQ101*J101*K101)/1000000 -> 0 | AS101: =IFERROR(AR101/L101,0) -> 0 | AT101: =L101-AR101 -> 0
A102: Kolkata (CMU: BHAGWATI) — TOTAL | L102: =SUM(L103:L121) -> 0 | M102: =SUM(M103:M121) -> 0 | N102: =SUM(N103:N121) -> 0 | O102: =SUM(O103:O121) -> 0 | P102: =SUM(P103:P121) -> 0 | Q102: =SUM(Q103:Q121) -> 0 | R102: =SUM(R103:R121) -> 0 | S102: =SUM(S103:S121) -> 0 | ... AR102: =SUM(AR103:AR121) -> 0 | AS102: =IFERROR(AR102/L102,0) -> 0 | AT102: =SUM(AT103:AT121) -> 0
A103: ='Master Data'!A93 -> BHAGWATIROZ39494 | B103: ='Master Data'!B93 -> BW | C103: ='Master Data'!C93 -> BWROZ39494 | D103: ='Master Data'!D93 -> BHAGWATI | E103: ='Master Data'!E93 -> Kolkata | F103: ='Master Data'!F93 -> Biscuits | G103: ='Master Data'!G93 -> ROZ39494 | H103: ='Master Data'!H93 -> Samuh Milky Biscuit 35 g | ... AP103: ='Master Data'!AP93 -> 0 | AQ103: =SUM(M103:AP103) -> 0 | AR103: =(AQ103*J103*K103)/1000000 -> 0 | AS103: =IFERROR(AR103/L103,0) -> 0 | AT103: =L103-AR103 -> 0
A104: ='Master Data'!A94 -> BHAGWATIROZ23739 | B104: ='Master Data'!B94 -> BW | C104: ='Master Data'!C94 -> BWROZ23739 | D104: ='Master Data'!D94 -> BHAGWATI | E104: ='Master Data'!E94 -> Kolkata | F104: ='Master Data'!F94 -> Biscuits | G104: ='Master Data'!G94 -> ROZ23739 | H104: ='Master Data'!H94 -> Samuh Beat it! Bite it! Orange Cream Biscuit 35 g | ... AP104: ='Master Data'!AP94 -> 0 | AQ104: =SUM(M104:AP104) -> 0 | AR104: =(AQ104*J104*K104)/1000000 -> 0 | AS104: =IFERROR(AR104/L104,0) -> 0 | AT104: =L104-AR104 -> 0
A105: ='Master Data'!A95 -> BHAGWATIROZ23738 | B105: ='Master Data'!B95 -> BW | C105: ='Master Data'!C95 -> BWROZ23738 | D105: ='Master Data'!D95 -> BHAGWATI | E105: ='Master Data'!E95 -> Kolkata | F105: ='Master Data'!F95 -> Biscuits | G105: ='Master Data'!G95 -> ROZ23738 | H105: ='Master Data'!H95 -> Samuh Beat it Bite it Chocolate Cream Biscuit 35 g | ... AP105: ='Master Data'!AP95 -> 0 | AQ105: =SUM(M105:AP105) -> 0 | AR105: =(AQ105*J105*K105)/1000000 -> 0 | AS105: =IFERROR(AR105/L105,0) -> 0 | AT105: =L105-AR105 -> 0
A106: ='Master Data'!A96 -> BHAGWATIROZ23743 | B106: ='Master Data'!B96 -> BW | C106: ='Master Data'!C96 -> BWROZ23743 | D106: ='Master Data'!D96 -> BHAGWATI | E106: ='Master Data'!E96 -> Kolkata | F106: ='Master Data'!F96 -> Biscuits | G106: ='Master Data'!G96 -> ROZ23743 | H106: ='Master Data'!H96 -> Samuh Butter Cookies Biscuit 32 g | ... AP106: ='Master Data'!AP96 -> 0 | AQ106: =SUM(M106:AP106) -> 0 | AR106: =(AQ106*J106*K106)/1000000 -> 0 | AS106: =IFERROR(AR106/L106,0) -> 0 | AT106: =L106-AR106 -> 0
A107: ='Master Data'!A97 -> BHAGWATIROZ23740 | B107: ='Master Data'!B97 -> BW | C107: ='Master Data'!C97 -> BWROZ23740 | D107: ='Master Data'!D97 -> BHAGWATI | E107: ='Master Data'!E97 -> Kolkata | F107: ='Master Data'!F97 -> Biscuits | G107: ='Master Data'!G97 -> ROZ23740 | H107: ='Master Data'!H97 -> Samuh Zeera Biscuit 35 g | ... AP107: ='Master Data'!AP97 -> 0 | AQ107: =SUM(M107:AP107) -> 0 | AR107: =(AQ107*J107*K107)/1000000 -> 0 | AS107: =IFERROR(AR107/L107,0) -> 0 | AT107: =L107-AR107 -> 0
A108: ='Master Data'!A98 -> BHAGWATIROZ23741 | B108: ='Master Data'!B98 -> BW | C108: ='Master Data'!C98 -> BWROZ23741 | D108: ='Master Data'!D98 -> BHAGWATI | E108: ='Master Data'!E98 -> Kolkata | F108: ='Master Data'!F98 -> Biscuits | G108: ='Master Data'!G98 -> ROZ23741 | H108: ='Master Data'!H98 -> Samuh Coconut Cookies Biscuit 35 g | ... AP108: ='Master Data'!AP98 -> 0 | AQ108: =SUM(M108:AP108) -> 0 | AR108: =(AQ108*J108*K108)/1000000 -> 0 | AS108: =IFERROR(AR108/L108,0) -> 0 | AT108: =L108-AR108 -> 0
A109: ='Master Data'!A99 -> BHAGWATIROZ23742 | B109: ='Master Data'!B99 -> BW | C109: ='Master Data'!C99 -> BWROZ23742 | D109: ='Master Data'!D99 -> BHAGWATI | E109: ='Master Data'!E99 -> Kolkata | F109: ='Master Data'!F99 -> Biscuits | G109: ='Master Data'!G99 -> ROZ23742 | H109: ='Master Data'!H99 -> Samuh Salty Sweety Biscuit 32 g | ... AP109: ='Master Data'!AP99 -> 0 | AQ109: =SUM(M109:AP109) -> 0 | AR109: =(AQ109*J109*K109)/1000000 -> 0 | AS109: =IFERROR(AR109/L109,0) -> 0 | AT109: =L109-AR109 -> 0
A110: ='Master Data'!A100 -> BHAGWATIROZ36954 | B110: ='Master Data'!B100 -> BW | C110: ='Master Data'!C100 -> BWROZ36954 | D110: ='Master Data'!D100 -> BHAGWATI | E110: ='Master Data'!E100 -> Kolkata | F110: ='Master Data'!F100 -> Biscuits | G110: ='Master Data'!G100 -> ROZ36954 | H110: ='Master Data'!H100 -> Samuh Butter Cashew 30 g | ... AP110: ='Master Data'!AP100 -> 0 | AQ110: =SUM(M110:AP110) -> 0 | AR110: =(AQ110*J110*K110)/1000000 -> 0 | AS110: =IFERROR(AR110/L110,0) -> 0 | AT110: =L110-AR110 -> 0
A111: ='Master Data'!A101 -> BHAGWATIROZ36955 | B111: ='Master Data'!B101 -> BW | C111: ='Master Data'!C101 -> BWROZ36955 | D111: ='Master Data'!D101 -> BHAGWATI | E111: ='Master Data'!E101 -> Kolkata | F111: ='Master Data'!F101 -> Biscuits | G111: ='Master Data'!G101 -> ROZ36955 | H111: ='Master Data'!H101 -> Samuh Beat it Bite it Chocolate Cream Biscuit 70 g | ... AP111: ='Master Data'!AP101 -> 0 | AQ111: =SUM(M111:AP111) -> 0 | AR111: =(AQ111*J111*K111)/1000000 -> 0 | AS111: =IFERROR(AR111/L111,0) -> 0 | AT111: =L111-AR111 -> 0
A112: ='Master Data'!A102 -> BHAGWATIROZ36956 | B112: ='Master Data'!B102 -> BW | C112: ='Master Data'!C102 -> BWROZ36956 | D112: ='Master Data'!D102 -> BHAGWATI | E112: ='Master Data'!E102 -> Kolkata | F112: ='Master Data'!F102 -> Biscuits | G112: ='Master Data'!G102 -> ROZ36956 | H112: ='Master Data'!H102 -> Samuh Beat it! Bite it! Orange Cream Biscuit 70 g | ... AP112: ='Master Data'!AP102 -> 0 | AQ112: =SUM(M112:AP112) -> 0 | AR112: =(AQ112*J112*K112)/1000000 -> 0 | AS112: =IFERROR(AR112/L112,0) -> 0 | AT112: =L112-AR112 -> 0
A113: ='Master Data'!A103 -> BHAGWATIROZ36957 | B113: ='Master Data'!B103 -> BW | C113: ='Master Data'!C103 -> BWROZ36957 | D113: ='Master Data'!D103 -> BHAGWATI | E113: ='Master Data'!E103 -> Kolkata | F113: ='Master Data'!F103 -> Biscuits | G113: ='Master Data'!G103 -> ROZ36957 | H113: ='Master Data'!H103 -> Samuh Coconut Cookies Biscuit 70g | ... AP113: ='Master Data'!AP103 -> 0 | AQ113: =SUM(M113:AP113) -> 0 | AR113: =(AQ113*J113*K113)/1000000 -> 0 | AS113: =IFERROR(AR113/L113,0) -> 0 | AT113: =L113-AR113 -> 0
A114: ='Master Data'!A104 -> BHAGWATIROZ39495 | B114: ='Master Data'!B104 -> BW | C114: ='Master Data'!C104 -> BWROZ39495 | D114: ='Master Data'!D104 -> BHAGWATI | E114: ='Master Data'!E104 -> Kolkata | F114: ='Master Data'!F104 -> Biscuits | G114: ='Master Data'!G104 -> ROZ39495 | H114: ='Master Data'!H104 -> Samuh Milky Biscuit 70 g | ... AP114: ='Master Data'!AP104 -> 0 | AQ114: =SUM(M114:AP114) -> 0 | AR114: =(AQ114*J114*K114)/1000000 -> 0 | AS114: =IFERROR(AR114/L114,0) -> 0 | AT114: =L114-AR114 -> 0
... A121: ='Master Data'!A111 -> BHAGWATI1 | B121: ='Master Data'!B111 -> BW | C121: ='Master Data'!C111 -> BW1 | D121: ='Master Data'!D111 -> BHAGWATI | E121: ='Master Data'!E111 -> Kolkata | F121: ='Master Data'!F111 -> Biscuits | G121: ='Master Data'!G111 -> 1 | H121: ='Master Data'!H111 -> Marie 30 Rs | ... AP121: ='Master Data'!AP111 -> 0 | AQ121: =SUM(M121:AP121) -> 0 | AR121: =(AQ121*J121*K121)/1000000 -> 0 | AS121: =IFERROR(AR121/L121,0) -> 0 | AT121: =L121-AR121 -> 0
A122: Punjab (CMU: Shri Shyam) — TOTAL | L122: =SUM(L123:L124) -> 0 | M122: =SUM(M123:M124) -> 0 | N122: =SUM(N123:N124) -> 0 | O122: =SUM(O123:O124) -> 0 | P122: =SUM(P123:P124) -> 0 | Q122: =SUM(Q123:Q124) -> 0 | R122: =SUM(R123:R124) -> 0 | S122: =SUM(S123:S124) -> 0 | ... AR122: =SUM(AR123:AR124) -> 0 | AS122: =IFERROR(AR122/L122,0) -> 0 | AT122: =SUM(AT123:AT124) -> 0
A123: ='Master Data'!A112 -> Shri ShyamROZ23760 | B123: ='Master Data'!B112 -> PNB | C123: ='Master Data'!C112 -> PNBROZ23760 | D123: ='Master Data'!D112 -> Shri Shyam | E123: ='Master Data'!E112 -> Punjab | F123: ='Master Data'!F112 -> Rusk | G123: ='Master Data'!G112 -> ROZ23760 | H123: ='Master Data'!H112 -> Samuh Elaichi Rusk 130 g | ... AP123: ='Master Data'!AP112 -> 0 | AQ123: =SUM(M123:AP123) -> 0 | AR123: =(AQ123*J123*K123)/1000000 -> 0 | AS123: =IFERROR(AR123/L123,0) -> 0 | AT123: =L123-AR123 -> 0
A124: ='Master Data'!A113 -> Shri ShyamROZ23759 | B124: ='Master Data'!B113 -> PNB | C124: ='Master Data'!C113 -> PNBROZ23759 | D124: ='Master Data'!D113 -> Shri Shyam | E124: ='Master Data'!E113 -> Punjab | F124: ='Master Data'!F113 -> Rusk | G124: ='Master Data'!G113 -> ROZ23759 | H124: ='Master Data'!H113 -> Samuh Elaichi Rusk 65 g | ... AP124: ='Master Data'!AP113 -> 0 | AQ124: =SUM(M124:AP124) -> 0 | AR124: =(AQ124*J124*K124)/1000000 -> 0 | AS124: =IFERROR(AR124/L124,0) -> 0 | AT124: =L124-AR124 -> 0
A125: GRAND TOTAL — ALL PLANTS | L125: =L5+L27+L49+L71+L93+L96+L99+L102+L122 -> 12 | M125: =M5+M27+M49+M71+M93+M96+M99+M102+M122 -> 0 | N125: =N5+N27+N49+N71+N93+N96+N99+N102+N122 -> 0 | O125: =O5+O27+O49+O71+O93+O96+O99+O102+O122 -> 0 | P125: =P5+P27+P49+P71+P93+P96+P99+P102+P122 -> 0 | Q125: =Q5+Q27+Q49+Q71+Q93+Q96+Q99+Q102+Q122 -> 0 | R125: =R5+R27+R49+R71+R93+R96+R99+R102+R122 -> 0 | S125: =S5+S27+S49+S71+S93+S96+S99+S102+S122 -> 0 | ... AR125: =AR5+AR27+AR49+AR71+AR93+AR96+AR99+AR102+AR122 -> 0 | AS125: =IFERROR(AR125/L125,0) -> 0 | AT125: =AT5+AT27+AT49+AT71+AT93+AT96+AT99+AT102+AT122 -> 12

Sheet Master Data
L1: =SUBTOTAL(9,L3:L1048576) -> 0 | M1: =SUBTOTAL(9,M3:M1048576) -> 0 | N1: =SUBTOTAL(9,N3:N1048576) -> 0 | O1: =SUBTOTAL(9,O3:O1048576) -> 0 | P1: =SUBTOTAL(9,P3:P1048576) -> 0 | Q1: =SUBTOTAL(9,Q3:Q1048576) -> 0 | R1: =SUBTOTAL(9,R3:R1048576) -> 0 | S1: =SUBTOTAL(9,S3:S1048576) -> 0 | ... AP1: =SUBTOTAL(9,AP3:AP1048576) -> 0 | AR1: =SUBTOTAL(9,AR3:AR1048576) -> 0 | AS1: =SUBTOTAL(9,AS3:AS1048576) -> 0 | AT1: =AS1/L1 -> #DIV/0! | AU1: =SUBTOTAL(9,AU3:AU1048576) -> 0
A2: Merge Sku | B2: Merge Sku | C2: MM | D2: CMU Name | E2: Location | F2: Product Category | G2: SKU CODE | H2: Product Name | I2: MRP | J2: GM | K2: Case Size | L2: Month Plan in ton | M2: 46296 | N2: 46297 | O2: 46298 | P2: 46299 | Q2: 46300 | R2: 46301 | S2: 46302 | T2: 46303 | U2: 46304 | V2: 46305 | W2: 46306 | X2: 46307 | Y2: 46308 | Z2: 46309 | AA2: 46310 | AB2: 46311 | AC2: 46312 | AD2: 46313 | AE2: 46314 | AF2: 46315 | AG2: 46316 | AH2: 46317 | AI2: 46318 | AJ2: 46319 | AK2: 46320 | AL2: 46321 | AM2: 46322 | AN2: 46323 | AO2: 46324 | AP2: 46325 | AQ2: 46326 | AR2: Total Production in Case in Case | AS2: Total Production in Ton In Ton | AT2: Achievement | AU2: Remaining Production in Ton
A3: =D3&G3 -> VEETADAY INDUSTRIES PRIVATE LIMITEDROZ39494 | B3: VD | C3: =B3&G3 -> VDROZ39494 | D3: VEETADAY INDUSTRIES PRIVATE LIMITED | E3: Lucknow | F3: Biscuits | G3: ROZ39494 | H3: Samuh Milky Biscuit 35 g | I3: 5 | J3: 35 | K3: 144 | AR3: =SUM(M3:AP3) -> 0 | AS3: =(AR3*J3*K3)/1000000 -> 0 | AT3: =AS3/L3 -> #DIV/0! | AU3: =L3-AS3 -> 0
A4: =D4&G4 -> VEETADAY INDUSTRIES PRIVATE LIMITEDROZ23739 | B4: VD | C4: =B4&G4 -> VDROZ23739 | D4: VEETADAY INDUSTRIES PRIVATE LIMITED | E4: Lucknow | F4: Biscuits | G4: ROZ23739 | H4: Samuh Beat it! Bite it! Orange Cream Biscuit 35 g | I4: 5 | J4: 35 | K4: 144 | AR4: =SUM(M4:AP4) -> 0 | AS4: =(AR4*J4*K4)/1000000 -> 0 | AT4: =AS4/L4 -> #DIV/0! | AU4: =L4-AS4 -> 0
A5: =D5&G5 -> VEETADAY INDUSTRIES PRIVATE LIMITEDROZ23738 | B5: VD | C5: =B5&G5 -> VDROZ23738 | D5: VEETADAY INDUSTRIES PRIVATE LIMITED | E5: Lucknow | F5: Biscuits | G5: ROZ23738 | H5: Samuh Beat it Bite it Chocolate Cream Biscuit 35 g | I5: 5 | J5: 35 | K5: 144 | AR5: =SUM(M5:AP5) -> 0 | AS5: =(AR5*J5*K5)/1000000 -> 0 | AT5: =AS5/L5 -> #DIV/0! | AU5: =L5-AS5 -> 0
A6: =D6&G6 -> VEETADAY INDUSTRIES PRIVATE LIMITEDROZ23743 | B6: VD | C6: =B6&G6 -> VDROZ23743 | D6: VEETADAY INDUSTRIES PRIVATE LIMITED | E6: Lucknow | F6: Biscuits | G6: ROZ23743 | H6: Samuh Butter Cookies Biscuit 32 g | I6: 5 | J6: 32 | K6: 144 | AR6: =SUM(M6:AP6) -> 0 | AS6: =(AR6*J6*K6)/1000000 -> 0 | AT6: =AS6/L6 -> #DIV/0! | AU6: =L6-AS6 -> 0
A7: =D7&G7 -> VEETADAY INDUSTRIES PRIVATE LIMITEDROZ23740 | B7: VD | C7: =B7&G7 -> VDROZ23740 | D7: VEETADAY INDUSTRIES PRIVATE LIMITED | E7: Lucknow | F7: Biscuits | G7: ROZ23740 | H7: Samuh Zeera Biscuit 35 g | I7: 5 | J7: 35 | K7: 144 | AR7: =SUM(M7:AP7) -> 0 | AS7: =(AR7*J7*K7)/1000000 -> 0 | AT7: =AS7/L7 -> #DIV/0! | AU7: =L7-AS7 -> 0
A8: =D8&G8 -> VEETADAY INDUSTRIES PRIVATE LIMITEDROZ23741 | B8: VD | C8: =B8&G8 -> VDROZ23741 | D8: VEETADAY INDUSTRIES PRIVATE LIMITED | E8: Lucknow | F8: Biscuits | G8: ROZ23741 | H8: Samuh Coconut Cookies Biscuit 35 g | I8: 5 | J8: 35 | K8: 144 | AR8: =SUM(M8:AP8) -> 0 | AS8: =(AR8*J8*K8)/1000000 -> 0 | AT8: =AS8/L8 -> #DIV/0! | AU8: =L8-AS8 -> 0
A9: =D9&G9 -> VEETADAY INDUSTRIES PRIVATE LIMITEDROZ23742 | B9: VD | C9: =B9&G9 -> VDROZ23742 | D9: VEETADAY INDUSTRIES PRIVATE LIMITED | E9: Lucknow | F9: Biscuits | G9: ROZ23742 | H9: Samuh Salty Sweety Biscuit 32 g | I9: 5 | J9: 32 | K9: 144 | AR9: =SUM(M9:AP9) -> 0 | AS9: =(AR9*J9*K9)/1000000 -> 0 | AT9: =AS9/L9 -> #DIV/0! | AU9: =L9-AS9 -> 0
A10: =D10&G10 -> VEETADAY INDUSTRIES PRIVATE LIMITEDROZ36954 | B10: VD | C10: =B10&G10 -> VDROZ36954 | D10: VEETADAY INDUSTRIES PRIVATE LIMITED | E10: Lucknow | F10: Biscuits | G10: ROZ36954 | H10: Samuh Butter Cashew 30 g | I10: 5 | J10: 30 | K10: 144 | AR10: =SUM(M10:AP10) -> 0 | AS10: =(AR10*J10*K10)/1000000 -> 0 | AT10: =AS10/L10 -> #DIV/0! | AU10: =L10-AS10 -> 0
A11: =D11&G11 -> VEETADAY INDUSTRIES PRIVATE LIMITEDROZ36955 | B11: VD | C11: =B11&G11 -> VDROZ36955 | D11: VEETADAY INDUSTRIES PRIVATE LIMITED | E11: Lucknow | F11: Biscuits | G11: ROZ36955 | H11: Samuh Beat it Bite it Chocolate Cream Biscuit 70 g | I11: 10 | J11: 70 | K11: 60 | AR11: =SUM(M11:AP11) -> 0 | AS11: =(AR11*J11*K11)/1000000 -> 0 | AT11: =AS11/L11 -> #DIV/0! | AU11: =L11-AS11 -> 0
A12: =D12&G12 -> VEETADAY INDUSTRIES PRIVATE LIMITEDROZ36956 | B12: VD | C12: =B12&G12 -> VDROZ36956 | D12: VEETADAY INDUSTRIES PRIVATE LIMITED | E12: Lucknow | F12: Biscuits | G12: ROZ36956 | H12: Samuh Beat it! Bite it! Orange Cream Biscuit 70 g | I12: 10 | J12: 70 | K12: 60 | AR12: =SUM(M12:AP12) -> 0 | AS12: =(AR12*J12*K12)/1000000 -> 0 | AT12: =AS12/L12 -> #DIV/0! | AU12: =L12-AS12 -> 0
A13: =D13&G13 -> VEETADAY INDUSTRIES PRIVATE LIMITEDROZ36957 | B13: VD | C13: =B13&G13 -> VDROZ36957 | D13: VEETADAY INDUSTRIES PRIVATE LIMITED | E13: Lucknow | F13: Biscuits | G13: ROZ36957 | H13: Samuh Coconut Cookies Biscuit 70g | I13: 10 | J13: 70 | K13: 60 | AR13: =SUM(M13:AP13) -> 0 | AS13: =(AR13*J13*K13)/1000000 -> 0 | AT13: =AS13/L13 -> #DIV/0! | AU13: =L13-AS13 -> 0
A14: =D14&G14 -> VEETADAY INDUSTRIES PRIVATE LIMITEDROZ39495 | B14: VD | C14: =B14&G14 -> VDROZ39495 | D14: VEETADAY INDUSTRIES PRIVATE LIMITED | E14: Lucknow | F14: Biscuits | G14: ROZ39495 | H14: Samuh Milky Biscuit 70 g | I14: 10 | J14: 70 | K14: 72 | AR14: =SUM(M14:AP14) -> 0 | AS14: =(AR14*J14*K14)/1000000 -> 0 | AT14: =AS14/L14 -> #DIV/0! | AU14: =L14-AS14 -> 0
... A22: =D22&G22 -> VEETADAY INDUSTRIES PRIVATE LIMITEDROZ50020 | B22: VD | C22: =B22&G22 -> VDROZ50020 | D22: VEETADAY INDUSTRIES PRIVATE LIMITED | E22: Lucknow | F22: Biscuits | G22: ROZ50020 | H22: Samuh Marie Biscuit 35 g | I22: 5 | J22: 35 | K22: 144 | AR22: =SUM(M22:AP22) -> 0 | AS22: =(AR22*J22*K22)/1000000 -> 0 | AT22: =AS22/L22 -> #DIV/0! | AU22: =L22-AS22 -> 0
A23: =D23&G23 -> VEETADAY INDUSTRIES PRIVATE LIMITED1 | B23: VD | C23: =B23&G23 -> VD1 | D23: VEETADAY INDUSTRIES PRIVATE LIMITED | E23: Lucknow | F23: Biscuits | G23: 1 | H23: Marie 30 Rs | I23: 30 | J23: 140 | K23: 40 | AR23: =SUM(M23:AP23) -> 0 | AS23: =(AR23*J23*K23)/1000000 -> 0 | AT23: =AS23/L23 -> #DIV/0! | AU23: =L23-AS23 -> 0
A24: =D24&G24 -> SWGROZ39494 | B24: SWG | C24: =B24&G24 -> SWGROZ39494 | D24: SWG | E24: Rudrapur | F24: Biscuits | G24: ROZ39494 | H24: Samuh Milky Biscuit 35 g | I24: 5 | J24: 35 | K24: 144 | AR24: =SUM(M24:AP24) -> 0 | AS24: =(AR24*J24*K24)/1000000 -> 0 | AT24: =AS24/L24 -> #DIV/0! | AU24: =L24-AS24 -> 0
A25: =D25&G25 -> SWGROZ23739 | B25: SWG | C25: =B25&G25 -> SWGROZ23739 | D25: SWG | E25: Rudrapur | F25: Biscuits | G25: ROZ23739 | H25: Samuh Beat it! Bite it! Orange Cream Biscuit 35 g | I25: 5 | J25: 35 | K25: 144 | AR25: =SUM(M25:AP25) -> 0 | AS25: =(AR25*J25*K25)/1000000 -> 0 | AT25: =AS25/L25 -> #DIV/0! | AU25: =L25-AS25 -> 0
A26: =D26&G26 -> SWGROZ23738 | B26: SWG | C26: =B26&G26 -> SWGROZ23738 | D26: SWG | E26: Rudrapur | F26: Biscuits | G26: ROZ23738 | H26: Samuh Beat it Bite it Chocolate Cream Biscuit 35 g | I26: 5 | J26: 35 | K26: 144 | AR26: =SUM(M26:AP26) -> 0 | AS26: =(AR26*J26*K26)/1000000 -> 0 | AT26: =AS26/L26 -> #DIV/0! | AU26: =L26-AS26 -> 0
A27: =D27&G27 -> SWGROZ23743 | B27: SWG | C27: =B27&G27 -> SWGROZ23743 | D27: SWG | E27: Rudrapur | F27: Biscuits | G27: ROZ23743 | H27: Samuh Butter Cookies Biscuit 32 g | I27: 5 | J27: 32 | K27: 144 | AR27: =SUM(M27:AP27) -> 0 | AS27: =(AR27*J27*K27)/1000000 -> 0 | AT27: =AS27/L27 -> #DIV/0! | AU27: =L27-AS27 -> 0
A28: =D28&G28 -> SWGROZ23740 | B28: SWG | C28: =B28&G28 -> SWGROZ23740 | D28: SWG | E28: Rudrapur | F28: Biscuits | G28: ROZ23740 | H28: Samuh Zeera Biscuit 35 g | I28: 5 | J28: 35 | K28: 144 | AR28: =SUM(M28:AP28) -> 0 | AS28: =(AR28*J28*K28)/1000000 -> 0 | AT28: =AS28/L28 -> #DIV/0! | AU28: =L28-AS28 -> 0
A29: =D29&G29 -> SWGROZ23741 | B29: SWG | C29: =B29&G29 -> SWGROZ23741 | D29: SWG | E29: Rudrapur | F29: Biscuits | G29: ROZ23741 | H29: Samuh Coconut Cookies Biscuit 35 g | I29: 5 | J29: 35 | K29: 144 | AR29: =SUM(M29:AP29) -> 0 | AS29: =(AR29*J29*K29)/1000000 -> 0 | AT29: =AS29/L29 -> #DIV/0! | AU29: =L29-AS29 -> 0
A30: =D30&G30 -> SWGROZ23742 | B30: SWG | C30: =B30&G30 -> SWGROZ23742 | D30: SWG | E30: Rudrapur | F30: Biscuits | G30: ROZ23742 | H30: Samuh Salty Sweety Biscuit 32 g | I30: 5 | J30: 32 | K30: 144 | AR30: =SUM(M30:AP30) -> 0 | AS30: =(AR30*J30*K30)/1000000 -> 0 | AT30: =AS30/L30 -> #DIV/0! | AU30: =L30-AS30 -> 0
A31: =D31&G31 -> SWGROZ36954 | B31: SWG | C31: =B31&G31 -> SWGROZ36954 | D31: SWG | E31: Rudrapur | F31: Biscuits | G31: ROZ36954 | H31: Samuh Butter Cashew 30 g | I31: 5 | J31: 30 | K31: 144 | AR31: =SUM(M31:AP31) -> 0 | AS31: =(AR31*J31*K31)/1000000 -> 0 | AT31: =AS31/L31 -> #DIV/0! | AU31: =L31-AS31 -> 0
A32: =D32&G32 -> SWGROZ36955 | B32: SWG | C32: =B32&G32 -> SWGROZ36955 | D32: SWG | E32: Rudrapur | F32: Biscuits | G32: ROZ36955 | H32: Samuh Beat it Bite it Chocolate Cream Biscuit 70 g | I32: 10 | J32: 70 | K32: 60 | AR32: =SUM(M32:AP32) -> 0 | AS32: =(AR32*J32*K32)/1000000 -> 0 | AT32: =AS32/L32 -> #DIV/0! | AU32: =L32-AS32 -> 0
A33: =D33&G33 -> SWGROZ36956 | B33: SWG | C33: =B33&G33 -> SWGROZ36956 | D33: SWG | E33: Rudrapur | F33: Biscuits | G33: ROZ36956 | H33: Samuh Beat it! Bite it! Orange Cream Biscuit 70 g | I33: 10 | J33: 70 | K33: 60 | AR33: =SUM(M33:AP33) -> 0 | AS33: =(AR33*J33*K33)/1000000 -> 0 | AT33: =AS33/L33 -> #DIV/0! | AU33: =L33-AS33 -> 0
A34: =D34&G34 -> SWGROZ36957 | B34: SWG | C34: =B34&G34 -> SWGROZ36957 | D34: SWG | E34: Rudrapur | F34: Biscuits | G34: ROZ36957 | H34: Samuh Coconut Cookies Biscuit 70g | I34: 10 | J34: 70 | K34: 60 | AR34: =SUM(M34:AP34) -> 0 | AS34: =(AR34*J34*K34)/1000000 -> 0 | AT34: =AS34/L34 -> #DIV/0! | AU34: =L34-AS34 -> 0
A35: =D35&G35 -> SWGROZ39495 | B35: SWG | C35: =B35&G35 -> SWGROZ39495 | D35: SWG | E35: Rudrapur | F35: Biscuits | G35: ROZ39495 | H35: Samuh Milky Biscuit 70 g | I35: 10 | J35: 70 | K35: 72 | AR35: =SUM(M35:AP35) -> 0 | AS35: =(AR35*J35*K35)/1000000 -> 0 | AT35: =AS35/L35 -> #DIV/0! | AU35: =L35-AS35 -> 0
... A43: =D43&G43 -> SWGROZ50020 | B43: SWG | C43: =B43&G43 -> SWGROZ50020 | D43: SWG | E43: Rudrapur | F43: Biscuits | G43: ROZ50020 | H43: Samuh Marie Biscuit 35 g | I43: 5 | J43: 35 | K43: 144 | AR43: =SUM(M43:AP43) -> 0 | AS43: =(AR43*J43*K43)/1000000 -> 0 | AT43: =AS43/L43 -> #DIV/0! | AU43: =L43-AS43 -> 0
A44: =D44&G44 -> SWG1 | B44: SWG | C44: =B44&G44 -> SWG1 | D44: SWG | E44: Rudrapur | F44: Biscuits | G44: 1 | H44: Marie 30 Rs | I44: 30 | J44: 140 | K44: 40 | AR44: =SUM(M44:AP44) -> 0 | AS44: =(AR44*J44*K44)/1000000 -> 0 | AT44: =AS44/L44 -> #DIV/0! | AU44: =L44-AS44 -> 0
A45: =D45&G45 -> STRAIGHT LINE FOOD PRODUCTS PRIVATE LIMITEDROZ23738 | B45: STR | C45: =B45&G45 -> STRROZ23738 | D45: STRAIGHT LINE FOOD PRODUCTS PRIVATE LIMITED | E45: Asansol, West Bengal | F45: Biscuits | G45: ROZ23738 | H45: Samuh Beat it Bite it Chocolate Cream Biscuit 35 g | I45: 5 | J45: 35 | K45: 144 | AR45: =SUM(M45:AP45) -> 0 | AS45: =(AR45*J45*K45)/1000000 -> 0 | AT45: =AS45/L45 -> #DIV/0! | AU45: =L45-AS45 -> 0
A46: =D46&G46 -> STRAIGHT LINE FOOD PRODUCTS PRIVATE LIMITEDROZ23739 | B46: STR | C46: =B46&G46 -> STRROZ23739 | D46: STRAIGHT LINE FOOD PRODUCTS PRIVATE LIMITED | E46: Asansol, West Bengal | F46: Biscuits | G46: ROZ23739 | H46: Samuh Beat it! Bite it! Orange Cream Biscuit 35 g | I46: 5 | J46: 35 | K46: 144 | AR46: =SUM(M46:AP46) -> 0 | AS46: =(AR46*J46*K46)/1000000 -> 0 | AT46: =AS46/L46 -> #DIV/0! | AU46: =L46-AS46 -> 0
A47: =D47&G47 -> STRAIGHT LINE FOOD PRODUCTS PRIVATE LIMITEDROZ23741 | B47: STR | C47: =B47&G47 -> STRROZ23741 | D47: STRAIGHT LINE FOOD PRODUCTS PRIVATE LIMITED | E47: Asansol, West Bengal | F47: Biscuits | G47: ROZ23741 | H47: Samuh Coconut Cookies Biscuit 35 g | I47: 5 | J47: 35 | K47: 144 | AR47: =SUM(M47:AP47) -> 0 | AS47: =(AR47*J47*K47)/1000000 -> 0 | AT47: =AS47/L47 -> #DIV/0! | AU47: =L47-AS47 -> 0
A48: =D48&G48 -> STRAIGHT LINE FOOD PRODUCTS PRIVATE LIMITEDROZ36954 | B48: STR | C48: =B48&G48 -> STRROZ36954 | D48: STRAIGHT LINE FOOD PRODUCTS PRIVATE LIMITED | E48: Asansol, West Bengal | F48: Biscuits | G48: ROZ36954 | H48: Samuh Butter Cashew 30 g | I48: 5 | J48: 30 | K48: 144 | AR48: =SUM(M48:AP48) -> 0 | AS48: =(AR48*J48*K48)/1000000 -> 0 | AT48: =AS48/L48 -> #DIV/0! | AU48: =L48-AS48 -> 0
A49: =D49&G49 -> STRAIGHT LINE FOOD PRODUCTS PRIVATE LIMITEDROZ23743 | B49: STR | C49: =B49&G49 -> STRROZ23743 | D49: STRAIGHT LINE FOOD PRODUCTS PRIVATE LIMITED | E49: Asansol, West Bengal | F49: Biscuits | G49: ROZ23743 | H49: Samuh Butter Cookies Biscuit 32 g | I49: 5 | J49: 32 | K49: 144 | AR49: =SUM(M49:AP49) -> 0 | AS49: =(AR49*J49*K49)/1000000 -> 0 | AT49: =AS49/L49 -> #DIV/0! | AU49: =L49-AS49 -> 0
A50: =D50&G50 -> STRAIGHT LINE FOOD PRODUCTS PRIVATE LIMITEDROZ36962 | B50: STR | C50: =B50&G50 -> STRROZ36962 | D50: STRAIGHT LINE FOOD PRODUCTS PRIVATE LIMITED | E50: Asansol, West Bengal | F50: Biscuits | G50: ROZ36962 | H50: Samuh Marie Biscuit 75g | I50: 10 | J50: 75 | K50: 72 | AR50: =SUM(M50:AP50) -> 0 | AS50: =(AR50*J50*K50)/1000000 -> 0 | AT50: =AS50/L50 -> #DIV/0! | AU50: =L50-AS50 -> 0
A51: =D51&G51 -> STRAIGHT LINE FOOD PRODUCTS PRIVATE LIMITEDROZ36955 | B51: STR | C51: =B51&G51 -> STRROZ36955 | D51: STRAIGHT LINE FOOD PRODUCTS PRIVATE LIMITED | E51: Asansol, West Bengal | F51: Biscuits | G51: ROZ36955 | H51: Samuh Beat it Bite it Chocolate Cream Biscuit 70 g | I51: 10 | J51: 70 | K51: 60 | AR51: =SUM(M51:AP51) -> 0 | AS51: =(AR51*J51*K51)/1000000 -> 0 | AT51: =AS51/L51 -> #DIV/0! | AU51: =L51-AS51 -> 0
A52: =D52&G52 -> STRAIGHT LINE FOOD PRODUCTS PRIVATE LIMITEDROZ36957 | B52: STR | C52: =B52&G52 -> STRROZ36957 | D52: STRAIGHT LINE FOOD PRODUCTS PRIVATE LIMITED | E52: Asansol, West Bengal | F52: Biscuits | G52: ROZ36957 | H52: Samuh Coconut Cookies Biscuit 70g | I52: 10 | J52: 70 | K52: 60 | AR52: =SUM(M52:AP52) -> 0 | AS52: =(AR52*J52*K52)/1000000 -> 0 | AT52: =AS52/L52 -> #DIV/0! | AU52: =L52-AS52 -> 0
A53: =D53&G53 -> STRAIGHT LINE FOOD PRODUCTS PRIVATE LIMITEDROZ36959 | B53: STR | C53: =B53&G53 -> STRROZ36959 | D53: STRAIGHT LINE FOOD PRODUCTS PRIVATE LIMITED | E53: Asansol, West Bengal | F53: Biscuits | G53: ROZ36959 | H53: Samuh Salty Sweety Biscuit 65 g | I53: 10 | J53: 65 | K53: 60 | AR53: =SUM(M53:AP53) -> 0 | AS53: =(AR53*J53*K53)/1000000 -> 0 | AT53: =AS53/L53 -> #DIV/0! | AU53: =L53-AS53 -> 0
A54: =D54&G54 -> STRAIGHT LINE FOOD PRODUCTS PRIVATE LIMITEDROZ23742 | B54: STR | C54: =B54&G54 -> STRROZ23742 | D54: STRAIGHT LINE FOOD PRODUCTS PRIVATE LIMITED | E54: Asansol, West Bengal | F54: Biscuits | G54: ROZ23742 | H54: Samuh Salty Sweety Biscuit 32 g | I54: 5 | J54: 32 | K54: 144 | AR54: =SUM(M54:AP54) -> 0 | AS54: =(AR54*J54*K54)/1000000 -> 0 | AT54: =AS54/L54 -> #DIV/0! | AU54: =L54-AS54 -> 0
A55: =D55&G55 -> STRAIGHT LINE FOOD PRODUCTS PRIVATE LIMITEDROZ36958 | B55: STR | C55: =B55&G55 -> STRROZ36958 | D55: STRAIGHT LINE FOOD PRODUCTS PRIVATE LIMITED | E55: Asansol, West Bengal | F55: Biscuits | G55: ROZ36958 | H55: Samuh Butter Cookies Biscuit 65g | I55: 10 | J55: 65 | K55: 60 | AR55: =SUM(M55:AP55) -> 0 | AS55: =(AR55*J55*K55)/1000000 -> 0 | AT55: =AS55/L55 -> #DIV/0! | AU55: =L55-AS55 -> 0
A56: =D56&G56 -> STRAIGHT LINE FOOD PRODUCTS PRIVATE LIMITEDROZ36960 | B56: STR | C56: =B56&G56 -> STRROZ36960 | D56: STRAIGHT LINE FOOD PRODUCTS PRIVATE LIMITED | E56: Asansol, West Bengal | F56: Biscuits | G56: ROZ36960 | H56: Samuh Butter Cashew Biscuit 60g | I56: 10 | J56: 60 | K56: 60 | AR56: =SUM(M56:AP56) -> 0 | AS56: =(AR56*J56*K56)/1000000 -> 0 | AT56: =AS56/L56 -> #DIV/0! | AU56: =L56-AS56 -> 0
... A64: =D64&G64 -> STRAIGHT LINE FOOD PRODUCTS PRIVATE LIMITEDROZ50020 | B64: STR | C64: =B64&G64 -> STRROZ50020 | D64: STRAIGHT LINE FOOD PRODUCTS PRIVATE LIMITED | E64: Asansol, West Bengal | F64: Biscuits | G64: ROZ50020 | H64: Samuh Marie Biscuit 35 g | I64: 5 | J64: 35 | K64: 144 | AR64: =SUM(M64:AP64) -> 0 | AS64: =(AR64*J64*K64)/1000000 -> 0 | AT64: =AS64/L64 -> #DIV/0! | AU64: =L64-AS64 -> 0
A65: =D65&G65 -> STRAIGHT LINE FOOD PRODUCTS PRIVATE LIMITED1 | B65: STR | C65: =B65&G65 -> STR1 | D65: STRAIGHT LINE FOOD PRODUCTS PRIVATE LIMITED | E65: Asansol, West Bengal | F65: Biscuits | G65: 1 | H65: Marie 30 Rs | I65: 30 | J65: 140 | K65: 40 | AR65: =SUM(M65:AP65) -> 0 | AS65: =(AR65*J65*K65)/1000000 -> 0 | AT65: =AS65/L65 -> #DIV/0! | AU65: =L65-AS65 -> 0
A66: =D66&G66 -> RATTAN OIL MILLSROZ23741 | B66: RT | C66: =B66&G66 -> RTROZ23741 | D66: RATTAN OIL MILLS | E66: Kathua, Jammu | F66: Biscuits | G66: ROZ23741 | H66: Samuh Coconut Cookies Biscuit 33 g | I66: 5 | J66: 33 | K66: 144 | AR66: =SUM(M66:AP66) -> 0 | AS66: =(AR66*J66*K66)/1000000 -> 0 | AT66: =AS66/L66 -> #DIV/0! | AU66: =L66-AS66 -> 0
A67: =D67&G67 -> RATTAN OIL MILLSROZ36957 | B67: RT | C67: =B67&G67 -> RTROZ36957 | D67: RATTAN OIL MILLS | E67: Kathua, Jammu | F67: Biscuits | G67: ROZ36957 | H67: Samuh Coconut Cookies Biscuit 66g | I67: 10 | J67: 66 | K67: 60 | AR67: =SUM(M67:AP67) -> 0 | AS67: =(AR67*J67*K67)/1000000 -> 0 | AT67: =AS67/L67 -> #DIV/0! | AU67: =L67-AS67 -> 0
A68: =D68&G68 -> RATTAN OIL MILLSROZ23739 | B68: RT | C68: =B68&G68 -> RTROZ23739 | D68: RATTAN OIL MILLS | E68: Kathua, Jammu | F68: Biscuits | G68: ROZ23739 | H68: Samuh Beat it! Bite it! Orange Cream Biscuit 33 g | I68: 5 | J68: 33 | K68: 144 | AR68: =SUM(M68:AP68) -> 0 | AS68: =(AR68*J68*K68)/1000000 -> 0 | AT68: =AS68/L68 -> #DIV/0! | AU68: =L68-AS68 -> 0
A69: =D69&G69 -> RATTAN OIL MILLSROZ36956 | B69: RT | C69: =B69&G69 -> RTROZ36956 | D69: RATTAN OIL MILLS | E69: Kathua, Jammu | F69: Biscuits | G69: ROZ36956 | H69: Samuh Beat it! Bite it! Orange Cream Biscuit 66 g | I69: 10 | J69: 66 | K69: 60 | AR69: =SUM(M69:AP69) -> 0 | AS69: =(AR69*J69*K69)/1000000 -> 0 | AT69: =AS69/L69 -> #DIV/0! | AU69: =L69-AS69 -> 0
A70: =D70&G70 -> RATTAN OIL MILLSROZ23738 | B70: RT | C70: =B70&G70 -> RTROZ23738 | D70: RATTAN OIL MILLS | E70: Kathua, Jammu | F70: Biscuits | G70: ROZ23738 | H70: Samuh Beat it Bite it Chocolate Cream Biscuit 33 g | I70: 5 | J70: 33 | K70: 144 | AR70: =SUM(M70:AP70) -> 0 | AS70: =(AR70*J70*K70)/1000000 -> 0 | AT70: =AS70/L70 -> #DIV/0! | AU70: =L70-AS70 -> 0
A71: =D71&G71 -> RATTAN OIL MILLSROZ36955 | B71: RT | C71: =B71&G71 -> RTROZ36955 | D71: RATTAN OIL MILLS | E71: Kathua, Jammu | F71: Biscuits | G71: ROZ36955 | H71: Samuh Beat it Bite it Chocolate Cream Biscuit 66 g | I71: 10 | J71: 66 | K71: 60 | AR71: =SUM(M71:AP71) -> 0 | AS71: =(AR71*J71*K71)/1000000 -> 0 | AT71: =AS71/L71 -> #DIV/0! | AU71: =L71-AS71 -> 0
A72: =D72&G72 -> RATTAN OIL MILLSROZ23743 | B72: RT | C72: =B72&G72 -> RTROZ23743 | D72: RATTAN OIL MILLS | E72: Kathua, Jammu | F72: Biscuits | G72: ROZ23743 | H72: Samuh Butter Cookies Biscuit 30 g | I72: 5 | J72: 30 | K72: 144 | AR72: =SUM(M72:AP72) -> 0 | AS72: =(AR72*J72*K72)/1000000 -> 0 | AT72: =AS72/L72 -> #DIV/0! | AU72: =L72-AS72 -> 0
A73: =D73&G73 -> RATTAN OIL MILLSROZ36958 | B73: RT | C73: =B73&G73 -> RTROZ36958 | D73: RATTAN OIL MILLS | E73: Kathua, Jammu | F73: Biscuits | G73: ROZ36958 | H73: Samuh Butter Cookies Biscuit 60g | I73: 10 | J73: 60 | K73: 60 | AR73: =SUM(M73:AP73) -> 0 | AS73: =(AR73*J73*K73)/1000000 -> 0 | AT73: =AS73/L73 -> #DIV/0! | AU73: =L73-AS73 -> 0
A74: =D74&G74 -> RATTAN OIL MILLSROZ36954 | B74: RT | C74: =B74&G74 -> RTROZ36954 | D74: RATTAN OIL MILLS | E74: Kathua, Jammu | F74: Biscuits | G74: ROZ36954 | H74: Samuh Butter Cashew 29 g | I74: 5 | J74: 29 | K74: 144 | AR74: =SUM(M74:AP74) -> 0 | AS74: =(AR74*J74*K74)/1000000 -> 0 | AT74: =AS74/L74 -> #DIV/0! | AU74: =L74-AS74 -> 0
A75: =D75&G75 -> RATTAN OIL MILLSROZ36960 | B75: RT | C75: =B75&G75 -> RTROZ36960 | D75: RATTAN OIL MILLS | E75: Kathua, Jammu | F75: Biscuits | G75: ROZ36960 | H75: Samuh Butter Cashew Biscuit 58g | I75: 10 | J75: 58 | K75: 60 | AR75: =SUM(M75:AP75) -> 0 | AS75: =(AR75*J75*K75)/1000000 -> 0 | AT75: =AS75/L75 -> #DIV/0! | AU75: =L75-AS75 -> 0
A76: =D76&G76 -> RATTAN OIL MILLSROZ39494 | B76: RT | C76: =B76&G76 -> RTROZ39494 | D76: RATTAN OIL MILLS | E76: Kathua, Jammu | F76: Biscuits | G76: ROZ39494 | H76: Samuh Milky Biscuit 35 g | I76: 5 | J76: 35 | K76: 144 | AR76: =SUM(M76:AP76) -> 0 | AS76: =(AR76*J76*K76)/1000000 -> 0 | AT76: =AS76/L76 -> #DIV/0! | AU76: =L76-AS76 -> 0
A77: =D77&G77 -> RATTAN OIL MILLSROZ39495 | B77: RT | C77: =B77&G77 -> RTROZ39495 | D77: RATTAN OIL MILLS | E77: Kathua, Jammu | F77: Biscuits | G77: ROZ39495 | H77: Samuh Milky Biscuit 70 g | I77: 10 | J77: 70 | K77: 72 | AR77: =SUM(M77:AP77) -> 0 | AS77: =(AR77*J77*K77)/1000000 -> 0 | AT77: =AS77/L77 -> #DIV/0! | AU77: =L77-AS77 -> 0
... A85: =D85&G85 -> RATTAN OIL MILLSROZ50020 | B85: RT | C85: =B85&G85 -> RTROZ50020 | D85: RATTAN OIL MILLS | E85: Kathua, Jammu | F85: Biscuits | G85: ROZ50020 | H85: Samuh Marie Biscuit 35 g | I85: 5 | J85: 35 | K85: 144 | AR85: =SUM(M85:AP85) -> 0 | AS85: =(AR85*J85*K85)/1000000 -> 0 | AT85: =AS85/L85 -> #DIV/0! | AU85: =L85-AS85 -> 0
A86: =D86&G86 -> RATTAN OIL MILLS1 | B86: RT | C86: =B86&G86 -> RT1 | D86: RATTAN OIL MILLS | E86: Kathua, Jammu | F86: Biscuits | G86: 1 | H86: Marie 30 Rs | I86: 30 | J86: 140 | K86: 40 | AR86: =SUM(M86:AP86) -> 0 | AS86: =(AR86*J86*K86)/1000000 -> 0 | AT86: =AS86/L86 -> #DIV/0! | AU86: =L86-AS86 -> 0
A87: =D87&G87 -> Meera BakerROZ23760 | B87: MB | C87: =B87&G87 -> MBROZ23760 | D87: Meera Baker | E87: Kanpur | F87: Rusk | G87: ROZ23760 | H87: Samuh Elaichi Rusk 130 g | I87: 20 | J87: 130 | K87: 24 | AR87: =SUM(M87:AP87) -> 0 | AS87: =(AR87*J87*K87)/1000000 -> 0 | AT87: =AS87/L87 -> #DIV/0! | AU87: =L87-AS87 -> 0
A88: =D88&G88 -> Meera BakerROZ23759 | B88: MB | C88: =B88&G88 -> MBROZ23759 | D88: Meera Baker | E88: Kanpur | F88: Rusk | G88: ROZ23759 | H88: Samuh Elaichi Rusk 65 g | I88: 10 | J88: 65 | K88: 24 | AR88: =SUM(M88:AP88) -> 0 | AS88: =(AR88*J88*K88)/1000000 -> 0 | AT88: =AS88/L88 -> #DIV/0! | AU88: =L88-AS88 -> 0
A89: =D89&G89 -> DEVARPAN FOODS PRIVATE LIMITEDROZ23760 | B89: DP | C89: =B89&G89 -> DPROZ23760 | D89: DEVARPAN FOODS PRIVATE LIMITED | E89: Kashipur | F89: Rusk | G89: ROZ23760 | H89: Samuh Elaichi Rusk 130 g | I89: 20 | J89: 130 | K89: 24 | AR89: =SUM(M89:AP89) -> 0 | AS89: =(AR89*J89*K89)/1000000 -> 0 | AT89: =AS89/L89 -> #DIV/0! | AU89: =L89-AS89 -> 0
A90: =D90&G90 -> DEVARPAN FOODS PRIVATE LIMITEDROZ23759 | B90: DP | C90: =B90&G90 -> DPROZ23759 | D90: DEVARPAN FOODS PRIVATE LIMITED | E90: Kashipur | F90: Rusk | G90: ROZ23759 | H90: Samuh Elaichi Rusk 65 g | I90: 10 | J90: 65 | K90: 24 | AR90: =SUM(M90:AP90) -> 0 | AS90: =(AR90*J90*K90)/1000000 -> 0 | AT90: =AS90/L90 -> #DIV/0! | AU90: =L90-AS90 -> 0
A91: =D91&G91 -> SaharnpurROZ23760 | B91: SH | C91: =B91&G91 -> SHROZ23760 | D91: Saharnpur | E91: Shubham Enterprises | F91: Rusk | G91: ROZ23760 | H91: Samuh Elaichi Rusk 130 g | I91: 20 | J91: 130 | K91: 36 | AR91: =SUM(M91:AP91) -> 0 | AS91: =(AR91*J91*K91)/1000000 -> 0 | AT91: =AS91/L91 -> #DIV/0! | AU91: =L91-AS91 -> 0
A92: =D92&G92 -> SaharnpurROZ23759 | B92: SH | C92: =B92&G92 -> SHROZ23759 | D92: Saharnpur | E92: Shubham Enterprises | F92: Rusk | G92: ROZ23759 | H92: Samuh Elaichi Rusk 65 g | I92: 10 | J92: 65 | K92: 36 | AR92: =SUM(M92:AP92) -> 0 | AS92: =(AR92*J92*K92)/1000000 -> 0 | AT92: =AS92/L92 -> #DIV/0! | AU92: =L92-AS92 -> 0
A93: =D93&G93 -> BHAGWATIROZ39494 | B93: BW | C93: =B93&G93 -> BWROZ39494 | D93: BHAGWATI | E93: Kolkata | F93: Biscuits | G93: ROZ39494 | H93: Samuh Milky Biscuit 35 g | I93: 5 | J93: 35 | K93: 144 | AR93: =SUM(M93:AP93) -> 0 | AS93: =(AR93*J93*K93)/1000000 -> 0 | AT93: =AS93/L93 -> #DIV/0! | AU93: =L93-AS93 -> 0
A94: =D94&G94 -> BHAGWATIROZ23739 | B94: BW | C94: =B94&G94 -> BWROZ23739 | D94: BHAGWATI | E94: Kolkata | F94: Biscuits | G94: ROZ23739 | H94: Samuh Beat it! Bite it! Orange Cream Biscuit 35 g | I94: 5 | J94: 35 | K94: 144 | AR94: =SUM(M94:AP94) -> 0 | AS94: =(AR94*J94*K94)/1000000 -> 0 | AT94: =AS94/L94 -> #DIV/0! | AU94: =L94-AS94 -> 0
A95: =D95&G95 -> BHAGWATIROZ23738 | B95: BW | C95: =B95&G95 -> BWROZ23738 | D95: BHAGWATI | E95: Kolkata | F95: Biscuits | G95: ROZ23738 | H95: Samuh Beat it Bite it Chocolate Cream Biscuit 35 g | I95: 5 | J95: 35 | K95: 144 | AR95: =SUM(M95:AP95) -> 0 | AS95: =(AR95*J95*K95)/1000000 -> 0 | AT95: =AS95/L95 -> #DIV/0! | AU95: =L95-AS95 -> 0
A96: =D96&G96 -> BHAGWATIROZ23743 | B96: BW | C96: =B96&G96 -> BWROZ23743 | D96: BHAGWATI | E96: Kolkata | F96: Biscuits | G96: ROZ23743 | H96: Samuh Butter Cookies Biscuit 32 g | I96: 5 | J96: 32 | K96: 144 | AR96: =SUM(M96:AP96) -> 0 | AS96: =(AR96*J96*K96)/1000000 -> 0 | AT96: =AS96/L96 -> #DIV/0! | AU96: =L96-AS96 -> 0
A97: =D97&G97 -> BHAGWATIROZ23740 | B97: BW | C97: =B97&G97 -> BWROZ23740 | D97: BHAGWATI | E97: Kolkata | F97: Biscuits | G97: ROZ23740 | H97: Samuh Zeera Biscuit 35 g | I97: 5 | J97: 35 | K97: 144 | AR97: =SUM(M97:AP97) -> 0 | AS97: =(AR97*J97*K97)/1000000 -> 0 | AT97: =AS97/L97 -> #DIV/0! | AU97: =L97-AS97 -> 0
A98: =D98&G98 -> BHAGWATIROZ23741 | B98: BW | C98: =B98&G98 -> BWROZ23741 | D98: BHAGWATI | E98: Kolkata | F98: Biscuits | G98: ROZ23741 | H98: Samuh Coconut Cookies Biscuit 35 g | I98: 5 | J98: 35 | K98: 144 | AR98: =SUM(M98:AP98) -> 0 | AS98: =(AR98*J98*K98)/1000000 -> 0 | AT98: =AS98/L98 -> #DIV/0! | AU98: =L98-AS98 -> 0
... A110: =D110&G110 -> BHAGWATIROZ50020 | B110: BW | C110: =B110&G110 -> BWROZ50020 | D110: BHAGWATI | E110: Kolkata | F110: Biscuits | G110: ROZ50020 | H110: Samuh Marie Biscuit 35 g | I110: 5 | J110: 35 | K110: 144 | AR110: =SUM(M110:AP110) -> 0 | AS110: =(AR110*J110*K110)/1000000 -> 0 | AT110: =AS110/L110 -> #DIV/0! | AU110: =L110-AS110 -> 0
A111: =D111&G111 -> BHAGWATI1 | B111: BW | C111: =B111&G111 -> BW1 | D111: BHAGWATI | E111: Kolkata | F111: Biscuits | G111: 1 | H111: Marie 30 Rs | I111: 30 | J111: 140 | K111: 40 | AR111: =SUM(M111:AP111) -> 0 | AS111: =(AR111*J111*K111)/1000000 -> 0 | AT111: =AS111/L111 -> #DIV/0! | AU111: =L111-AS111 -> 0
A112: =D112&G112 -> Shri ShyamROZ23760 | B112: PNB | C112: =B112&G112 -> PNBROZ23760 | D112: Shri Shyam | E112: Punjab | F112: Rusk | G112: ROZ23760 | H112: Samuh Elaichi Rusk 130 g | I112: 20 | J112: 130 | K112: 24 | AR112: =SUM(M112:AP112) -> 0 | AS112: =(AR112*J112*K112)/1000000 -> 0 | AT112: =AS112/L112 -> #DIV/0! | AU112: =L112-AS112 -> 0
A113: =D113&G113 -> Shri ShyamROZ23759 | B113: PNB | C113: =B113&G113 -> PNBROZ23759 | D113: Shri Shyam | E113: Punjab | F113: Rusk | G113: ROZ23759 | H113: Samuh Elaichi Rusk 65 g | I113: 10 | J113: 65 | K113: 24 | AR113: =SUM(M113:AP113) -> 0 | AS113: =(AR113*J113*K113)/1000000 -> 0 | AT113: =AS113/L113 -> #DIV/0! | AU113: =L113-AS113 -> 0
